{
"type": "FeatureCollection",
"name": "qat_admin1",
"crs": { "type": "name", "properties": { "name": "urn:ogc:def:crs:OGC:1.3:CRS84" } },
"features": [
{ "type": "Feature", "properties": { "adm1_name": "Al Daayen Municipality", "adm1_pcode": "QAT001" }, "geometry": { "type": "MultiPolygon", "coordinates": [ [ [ [ 51.504788532000134, 25.638222777000067 ], [ 51.49475013000017, 25.640119742000081 ], [ 51.468471829000066, 25.649174405000053 ], [ 51.460906497999986, 25.654403259000162 ], [ 51.436675471000171, 25.642620013000055 ], [ 51.414253808000126, 25.622807405000174 ], [ 51.402547977000154, 25.620611711000038 ], [ 51.41587765100013, 25.569136418000028 ], [ 51.415793202000145, 25.554275992999976 ], [ 51.407946443000071, 25.489408541000103 ], [ 51.411400343000196, 25.44177830600006 ], [ 51.414032189000181, 25.432807464000177 ], [ 51.448502784000084, 25.364151229000072 ], [ 51.498202611000124, 25.392262264000124 ], [ 51.500941329000057, 25.385759655000015 ], [ 51.50109477, 25.376769431000127 ], [ 51.502452429000186, 25.376496383000074 ], [ 51.511831392000033, 25.377017405000061 ], [ 51.522524545000067, 25.381113945000038 ], [ 51.524538873000097, 25.378860983000152 ], [ 51.551190223999981, 25.38604966000014 ], [ 51.550993682000069, 25.409532318000117 ], [ 51.542223714999977, 25.441670876000103 ], [ 51.524055627999985, 25.441708694 ], [ 51.520126398000173, 25.444975532000115 ], [ 51.518818789000079, 25.450862267000048 ], [ 51.515896712000142, 25.454733316000159 ], [ 51.522382619000041, 25.454568981000136 ], [ 51.533989586000189, 25.446345789000077 ], [ 51.538859435000177, 25.44429217600009 ], [ 51.540070594000099, 25.442201649000026 ], [ 51.541452212000195, 25.444199014 ], [ 51.543145978000041, 25.443097099000056 ], [ 51.541519061000145, 25.446420019000186 ], [ 51.544058604000043, 25.446558799000115 ], [ 51.545346678000044, 25.449418254000022 ], [ 51.540987402000098, 25.447196502000054 ], [ 51.538542569000072, 25.448155335000081 ], [ 51.536082538000187, 25.446782435000159 ], [ 51.533481304000077, 25.447112049000054 ], [ 51.523010299000134, 25.454532415000131 ], [ 51.519211742000152, 25.455795012000067 ], [ 51.516317960000151, 25.459346912000115 ], [ 51.513839417000156, 25.459954467000045 ], [ 51.512183270000037, 25.463385931000118 ], [ 51.509433936000107, 25.464418377000072 ], [ 51.509522309000033, 25.467645755000149 ], [ 51.51226506200004, 25.468646884000066 ], [ 51.507230892000052, 25.470316378 ], [ 51.508639394000056, 25.468998006 ], [ 51.506744454000113, 25.469195622000029 ], [ 51.50533970400005, 25.470941124000035 ], [ 51.509823677999975, 25.472647463000101 ], [ 51.523086705000026, 25.479234513000108 ], [ 51.529586941000161, 25.478943358000095 ], [ 51.534905815000059, 25.475943087000076 ], [ 51.53626016100003, 25.477093308000121 ], [ 51.537456439000096, 25.476455577000024 ], [ 51.536931688000095, 25.477260102000059 ], [ 51.537529884000037, 25.476731436000023 ], [ 51.537354037000114, 25.475808557000164 ], [ 51.537663652000106, 25.476316338000174 ], [ 51.537569459, 25.476948415000152 ], [ 51.537085595000121, 25.477350313000159 ], [ 51.535247477000098, 25.477887605000035 ], [ 51.533779852000066, 25.47738767900006 ], [ 51.530344549000176, 25.478868966000164 ], [ 51.528429300000028, 25.479341590000161 ], [ 51.523472360000085, 25.479478132999986 ], [ 51.504928655000072, 25.471259845000191 ], [ 51.499754303000032, 25.473507135000148 ], [ 51.501599531000124, 25.473608365000189 ], [ 51.501717394000195, 25.474649733000035 ], [ 51.499408731000074, 25.475973522 ], [ 51.501085178000153, 25.474537773000179 ], [ 51.498779112000079, 25.47501239200011 ], [ 51.496239854000123, 25.473420509000107 ], [ 51.493189013000062, 25.474850259999982 ], [ 51.490493025000092, 25.479660364000097 ], [ 51.491880952000088, 25.492190197000014 ], [ 51.484671575000164, 25.499513046000118 ], [ 51.475344036000138, 25.515723362000188 ], [ 51.479685491999987, 25.52297624900018 ], [ 51.48234861800006, 25.526193254000134 ], [ 51.483054037000102, 25.52541184100005 ], [ 51.484814736000033, 25.526818663000142 ], [ 51.486848522000059, 25.53082831100005 ], [ 51.48782773400012, 25.537179906000063 ], [ 51.490649661000077, 25.542621360000169 ], [ 51.492548091000117, 25.543477280000104 ], [ 51.489921225000046, 25.544182747000093 ], [ 51.49066756600007, 25.548642466000047 ], [ 51.492597254000032, 25.55198559500019 ], [ 51.496151480000094, 25.551978854000083 ], [ 51.496088860999976, 25.559298371000068 ], [ 51.497488608000083, 25.561060321000184 ], [ 51.497414415000094, 25.564408391000086 ], [ 51.499546095000085, 25.567006947000152 ], [ 51.4966009850001, 25.567139822000058 ], [ 51.494219609000083, 25.56556251000012 ], [ 51.489686975000041, 25.567476478000174 ], [ 51.490961266, 25.569563555000116 ], [ 51.488957989000085, 25.575166635000073 ], [ 51.496331153000142, 25.575154806000114 ], [ 51.49634171200006, 25.57969930400003 ], [ 51.490038883000182, 25.579711216000135 ], [ 51.490894268000147, 25.584166483000104 ], [ 51.496611521000091, 25.582904791000146 ], [ 51.491711133000138, 25.585170678000111 ], [ 51.491337286000032, 25.587625481000146 ], [ 51.498323899000184, 25.586373567000123 ], [ 51.503229297000189, 25.593840664000027 ], [ 51.508578005000061, 25.598119576000045 ], [ 51.528742577000116, 25.607746746000089 ], [ 51.544048330000066, 25.610446173000071 ], [ 51.55408500700014, 25.618821924000031 ], [ 51.548067743, 25.624347667000052 ], [ 51.548986103000175, 25.626299755000105 ], [ 51.552759852000179, 25.626117363000105 ], [ 51.548964032000185, 25.626419687000066 ], [ 51.548704991000136, 25.62770867800009 ], [ 51.550273913000126, 25.631422131000079 ], [ 51.549971800000094, 25.634679774000062 ], [ 51.553004357000077, 25.635623361000057 ], [ 51.552491675000113, 25.637545285000101 ], [ 51.554264238000144, 25.637246709000124 ], [ 51.552433862000044, 25.637719737000168 ], [ 51.552418354000167, 25.638946505000035 ], [ 51.547816924000131, 25.639797314000191 ], [ 51.504788532000134, 25.638222777000067 ] ] ], [ [ [ 51.566346127000145, 25.409256581000136 ], [ 51.562345376000167, 25.413235720000102 ], [ 51.563135540000189, 25.411742678000053 ], [ 51.56085955900005, 25.410808272 ], [ 51.563541863000125, 25.40531888300012 ], [ 51.567572750000124, 25.402841888000069 ], [ 51.567269029000158, 25.399023660000182 ], [ 51.561885030999974, 25.393796937000161 ], [ 51.559385813000176, 25.390305620000049 ], [ 51.558974998000167, 25.388322661000188 ], [ 51.562643457000036, 25.394081603000075 ], [ 51.567685140000037, 25.398953666000068 ], [ 51.57140604600005, 25.401558340000122 ], [ 51.574853455000095, 25.401766735000024 ], [ 51.571715933000178, 25.406970764000107 ], [ 51.566346127000145, 25.409256581000136 ] ] ], [ [ [ 51.591087598000115, 25.472468615000025 ], [ 51.593879270000173, 25.474244179000038 ], [ 51.59384306000004, 25.478218194000135 ], [ 51.592337871000097, 25.479436105000104 ], [ 51.590758664000077, 25.478950513000029 ], [ 51.588587205000067, 25.474393576000068 ], [ 51.591087598000115, 25.472468615000025 ] ] ], [ [ [ 51.586000193000075, 25.474692816000129 ], [ 51.588508536000063, 25.476504806000094 ], [ 51.587067122000178, 25.479593906000105 ], [ 51.583857455999976, 25.48037215700009 ], [ 51.581082342000059, 25.478882435000116 ], [ 51.582079691000047, 25.476122244000067 ], [ 51.586000193000075, 25.474692816000129 ] ] ], [ [ [ 51.592269867000141, 25.483720033000168 ], [ 51.588139855, 25.485847525000167 ], [ 51.584612167000159, 25.483617005000156 ], [ 51.582573993000096, 25.4855397930001 ], [ 51.579592379000132, 25.484431494000148 ], [ 51.577937931000065, 25.482128793000129 ], [ 51.579202473000066, 25.480169434000118 ], [ 51.581658135000168, 25.479735874000085 ], [ 51.584601559000191, 25.483520694999982 ], [ 51.586213958000087, 25.480837270000109 ], [ 51.589972800000055, 25.479402193000112 ], [ 51.592697823000037, 25.480781735000051 ], [ 51.592269867000141, 25.483720033000168 ] ] ], [ [ [ 51.545393998, 25.515321424000149 ], [ 51.548937981000051, 25.516977989000168 ], [ 51.547635230000026, 25.520666419000179 ], [ 51.542560709000156, 25.522302675000049 ], [ 51.537770570000077, 25.521647595 ], [ 51.537642640000115, 25.520028107000144 ], [ 51.54012149600004, 25.517421644000024 ], [ 51.545393998, 25.515321424000149 ] ] ], [ [ [ 51.528331392000098, 25.516938011999969 ], [ 51.534270368000193, 25.520551868000041 ], [ 51.533357118000083, 25.523827834000031 ], [ 51.529707134000091, 25.524478669000132 ], [ 51.526401695000061, 25.521979504 ], [ 51.525493955000115, 25.518616858000144 ], [ 51.528331392000098, 25.516938011999969 ] ] ], [ [ [ 51.527092427000184, 25.528828579000162 ], [ 51.530309713000122, 25.530500946000075 ], [ 51.531814818000043, 25.533843930000103 ], [ 51.53052813100004, 25.536349602000087 ], [ 51.527880998000171, 25.537352026000065 ], [ 51.524326218, 25.536356477000027 ], [ 51.522598256000038, 25.533367329000157 ], [ 51.523864931000105, 25.529995222000139 ], [ 51.527092427000184, 25.528828579000162 ] ] ], [ [ [ 51.492264406, 25.535038017000034 ], [ 51.493161978000046, 25.536154010000075 ], [ 51.491765463000036, 25.537872610000193 ], [ 51.491350211000167, 25.535832638000159 ], [ 51.492264406, 25.535038017000034 ] ] ], [ [ [ 51.535921232000135, 25.600675641000066 ], [ 51.535757799000066, 25.601023693000059 ], [ 51.534527523000065, 25.598757966000107 ], [ 51.535921232000135, 25.600675641000066 ] ] ], [ [ [ 51.552562910000063, 25.631634056000166 ], [ 51.55281, 25.632458106000115 ], [ 51.551959258000011, 25.632050797999966 ], [ 51.552562910000063, 25.631634056000166 ] ] ] ] } },
{ "type": "Feature", "properties": { "adm1_name": "Al Khor and Al Thakhira Municipality", "adm1_pcode": "QAT002" }, "geometry": { "type": "MultiPolygon", "coordinates": [ [ [ [ 51.160698761000106, 25.946691945 ], [ 51.165213668000035, 25.967131290000168 ], [ 51.135247085000117, 25.967445946999987 ], [ 51.135223563000125, 25.946679861000064 ], [ 51.116832512000144, 25.946668352000131 ], [ 51.116844734000097, 25.932167570000047 ], [ 51.115688798, 25.931534029000147 ], [ 51.118602512000052, 25.929677797000011 ], [ 51.113717818, 25.928039521000187 ], [ 51.116848350000055, 25.927875998000047 ], [ 51.116918286000157, 25.844671341000037 ], [ 50.959545155000171, 25.844445328000063 ], [ 50.958107202000122, 25.838471375999973 ], [ 50.959391348000167, 25.833849574 ], [ 50.956478592, 25.833962433000011 ], [ 50.956190948000028, 25.833341358000098 ], [ 50.959386815000016, 25.833459882000113 ], [ 50.958835816000033, 25.83085164400012 ], [ 50.9605103130001, 25.828962950000175 ], [ 50.962946785000099, 25.828941915000144 ], [ 50.964503130000139, 25.825761498000134 ], [ 50.96671047500007, 25.824480052000183 ], [ 50.970585047000043, 25.825832779999985 ], [ 50.980116587000168, 25.826065312000082 ], [ 50.985668858999986, 25.822716373000162 ], [ 50.987524190000158, 25.818735307000111 ], [ 50.989764333000096, 25.818173194000053 ], [ 50.988231908000046, 25.818183557000111 ], [ 50.988837705000037, 25.810680646000037 ], [ 50.987499661000129, 25.808995272000061 ], [ 50.988791343000059, 25.807877329 ], [ 50.987187887000118, 25.805400311000085 ], [ 50.990532699000084, 25.803865643999984 ], [ 50.991012405000163, 25.80193177600006 ], [ 50.990053753999973, 25.801317557000118 ], [ 50.991982816000075, 25.799026859000094 ], [ 50.988073495000037, 25.793325546000119 ], [ 50.980896144000099, 25.788583209000024 ], [ 50.984748121000052, 25.778052145000174 ], [ 50.980642848000116, 25.773598355000047 ], [ 50.977794147, 25.772298300000045 ], [ 51.116978732000177, 25.772460197000044 ], [ 51.117027675000031, 25.713788113000078 ], [ 51.230827132000172, 25.713821478000114 ], [ 51.254041717000121, 25.700823294000031 ], [ 51.261929419000126, 25.712328236000189 ], [ 51.259285672000146, 25.713815936000174 ], [ 51.273435268000071, 25.713811112000144 ], [ 51.260978575000138, 25.69749627200008 ], [ 51.259896878000063, 25.672258933000137 ], [ 51.243705173000194, 25.619520647000172 ], [ 51.264465979000192, 25.588759175000121 ], [ 51.291107710000176, 25.588889044000155 ], [ 51.288913802000195, 25.563394916000163 ], [ 51.31212994100008, 25.559257176000131 ], [ 51.313228706000132, 25.563351969000053 ], [ 51.314786101000095, 25.557670174000066 ], [ 51.351496120000036, 25.56085714600016 ], [ 51.351561734000143, 25.561760469000035 ], [ 51.359290200000089, 25.561246358 ], [ 51.415942888000075, 25.564688022000041 ], [ 51.41587765100013, 25.569136418000028 ], [ 51.402547977000154, 25.620611711000038 ], [ 51.414253808000126, 25.622807405000174 ], [ 51.436675471000171, 25.642620013000055 ], [ 51.460906497999986, 25.654403259000162 ], [ 51.468471829000066, 25.649174405000053 ], [ 51.500213886000154, 25.638708801000121 ], [ 51.51591258000019, 25.638209138999969 ], [ 51.547816924000131, 25.639797314000191 ], [ 51.552387383, 25.638950792000173 ], [ 51.553605417000085, 25.641149483000106 ], [ 51.552132237000023, 25.650514251000061 ], [ 51.552522883000051, 25.651745670000082 ], [ 51.553082293000159, 25.651548561000027 ], [ 51.553689680000048, 25.651378617000034 ], [ 51.5525265980001, 25.651756055000135 ], [ 51.55410836700014, 25.655126537000115 ], [ 51.556026301000031, 25.655259258 ], [ 51.55527961100006, 25.6592242910001 ], [ 51.550186097000164, 25.659334568000077 ], [ 51.553707922000115, 25.661942185999976 ], [ 51.550436795999985, 25.661250573000075 ], [ 51.548797670000113, 25.658951282000146 ], [ 51.545289269000136, 25.660092336000048 ], [ 51.546684325000115, 25.662669638000125 ], [ 51.544968357000073, 25.661386663000144 ], [ 51.537837523000178, 25.660664258000111 ], [ 51.535851318000084, 25.663337777000095 ], [ 51.537552873000095, 25.66667061000004 ], [ 51.533914457000094, 25.667472047000047 ], [ 51.532640643000036, 25.67038331800012 ], [ 51.534357942000156, 25.675441545000069 ], [ 51.538397829000189, 25.675557232000131 ], [ 51.539726397000152, 25.677097960000026 ], [ 51.541222889000153, 25.683749408000097 ], [ 51.527780993000135, 25.683198835000098 ], [ 51.527439378000054, 25.684463159000074 ], [ 51.527707527000075, 25.684869275000096 ], [ 51.527597788000151, 25.684951975 ], [ 51.524489740000035, 25.685438913000155 ], [ 51.520171052000137, 25.684304826000016 ], [ 51.521452323000176, 25.68708540800003 ], [ 51.520030133000091, 25.68923133900006 ], [ 51.51476990600014, 25.689242183999966 ], [ 51.51338717800013, 25.686184427 ], [ 51.509903000000179, 25.686385627000163 ], [ 51.505389274000095, 25.689471434000097 ], [ 51.505823823000071, 25.691519819000064 ], [ 51.512349253000139, 25.695369883000126 ], [ 51.516657789000135, 25.696827899000141 ], [ 51.518686033000108, 25.693896672000164 ], [ 51.521594305000178, 25.696916175000126 ], [ 51.536989359000188, 25.703673891000108 ], [ 51.543184783000129, 25.703366085000027 ], [ 51.544574665000027, 25.701810490000184 ], [ 51.549918188999982, 25.700299137000115 ], [ 51.551747565000028, 25.697707812000033 ], [ 51.558429914000044, 25.697377436000011 ], [ 51.562899283000093, 25.692777181000167 ], [ 51.562116552000077, 25.689733513000022 ], [ 51.562939660000154, 25.688281460999974 ], [ 51.56149961300008, 25.686659271000053 ], [ 51.563337887000102, 25.68589817600008 ], [ 51.558849163000161, 25.683255349000149 ], [ 51.556629569, 25.684634179 ], [ 51.557824738000022, 25.685334911999973 ], [ 51.556705922000049, 25.685651238000048 ], [ 51.556929329000127, 25.687135290000072 ], [ 51.553129658000046, 25.690100503000053 ], [ 51.554080084000191, 25.69154254100016 ], [ 51.549110056000188, 25.695480461000045 ], [ 51.546213934000036, 25.692914494000092 ], [ 51.547999351000044, 25.690112247000116 ], [ 51.551882932000126, 25.689561786000127 ], [ 51.554774027000121, 25.685972052000125 ], [ 51.549366142000054, 25.683839310000053 ], [ 51.547875386000158, 25.680817427000022 ], [ 51.54819680200012, 25.684633765000171 ], [ 51.546923212000081, 25.685180011000057 ], [ 51.548956858000111, 25.686721527000032 ], [ 51.546920282000031, 25.688886013000115 ], [ 51.543424869000091, 25.689023848000033 ], [ 51.54771287900013, 25.679868401000022 ], [ 51.561347611000144, 25.68093347100006 ], [ 51.561977345000173, 25.677710797000032 ], [ 51.561732608000113, 25.680927479000104 ], [ 51.564369886000179, 25.681387136000012 ], [ 51.569594301000166, 25.678973698000163 ], [ 51.570479192000107, 25.674782482000126 ], [ 51.571802735000119, 25.675171097000032 ], [ 51.571539654000105, 25.677108181000108 ], [ 51.572942751000085, 25.677271412000039 ], [ 51.574507280000148, 25.675068439000086 ], [ 51.57521921600005, 25.675935624000147 ], [ 51.577033764000078, 25.67411076999997 ], [ 51.577512797000054, 25.674538704000042 ], [ 51.57727253000013, 25.673694827000134 ], [ 51.577895409000064, 25.674224368000125 ], [ 51.576493563000099, 25.675654924000014 ], [ 51.577576582000063, 25.675096770000039 ], [ 51.577788844000054, 25.677156750000108 ], [ 51.580830211000091, 25.678962164000097 ], [ 51.582005225000103, 25.677027918000135 ], [ 51.58110096900009, 25.678955847000054 ], [ 51.58293752100019, 25.682473540000046 ], [ 51.582925859999989, 25.686283009000192 ], [ 51.584918141000117, 25.686277993000147 ], [ 51.584920916000044, 25.687180631000047 ], [ 51.582800710000129, 25.687185715000112 ], [ 51.582981088000111, 25.689390791000108 ], [ 51.58735739500014, 25.689527191000025 ], [ 51.587057009000148, 25.690326442000185 ], [ 51.582523292000076, 25.689497008000103 ], [ 51.582370174000062, 25.69164174000008 ], [ 51.586374486000068, 25.692046581000113 ], [ 51.582295398000042, 25.691951083000049 ], [ 51.583101032000116, 25.697481768000159 ], [ 51.587834158000021, 25.700573480000173 ], [ 51.590776985000105, 25.699870501000191 ], [ 51.587856190000082, 25.700726241000098 ], [ 51.588092885000037, 25.702656092000154 ], [ 51.591092462000177, 25.708661353000082 ], [ 51.592364491000183, 25.709427694 ], [ 51.593918495000139, 25.707829274000119 ], [ 51.592421871000113, 25.710471675000122 ], [ 51.595900770000128, 25.719362272000069 ], [ 51.590173969000091, 25.726186626000015 ], [ 51.589592104000189, 25.732534090000115 ], [ 51.587852497000029, 25.734992507000072 ], [ 51.577324487000112, 25.739172144000122 ], [ 51.576493642000173, 25.733320805000119 ], [ 51.573381032000043, 25.73443785700016 ], [ 51.572346045000131, 25.733359269000118 ], [ 51.569993049000118, 25.725512868000067 ], [ 51.564068708000093, 25.727957761000084 ], [ 51.562712646000193, 25.730240506000086 ], [ 51.557681071000161, 25.729892514000028 ], [ 51.55077881700015, 25.733667154999978 ], [ 51.548691631000111, 25.738330182000084 ], [ 51.55122930400006, 25.737258936000103 ], [ 51.5458582280001, 25.743946374000075 ], [ 51.54981414700012, 25.740493882000067 ], [ 51.557590096000183, 25.740738928000098 ], [ 51.562117610000143, 25.742453429000079 ], [ 51.563553038000066, 25.749835709000024 ], [ 51.562254610000139, 25.754418697000119 ], [ 51.563472833000105, 25.760964213000079 ], [ 51.573340434000045, 25.773003895000102 ], [ 51.57505076700005, 25.772773783000048 ], [ 51.577695711000047, 25.769585975000098 ], [ 51.577119939000056, 25.765970166000159 ], [ 51.578306995000048, 25.764202148000038 ], [ 51.575235244000169, 25.757680450000123 ], [ 51.573577925000052, 25.763828040000192 ], [ 51.572378848000085, 25.763468251000177 ], [ 51.571633219000091, 25.756487038000103 ], [ 51.572634474000097, 25.751683804000095 ], [ 51.577820905000124, 25.749945466000099 ], [ 51.585118400000056, 25.750646311000139 ], [ 51.583767132000162, 25.751410691000103 ], [ 51.585366250000106, 25.75282827400008 ], [ 51.582956068000044, 25.753656985000191 ], [ 51.582531185000107, 25.756767515000149 ], [ 51.583841024000037, 25.75795571600014 ], [ 51.588164018000157, 25.758969339000089 ], [ 51.589160060000154, 25.765481342000044 ], [ 51.589930316000107, 25.763769249 ], [ 51.594524520000107, 25.768837091000137 ], [ 51.594545683000149, 25.766211429000123 ], [ 51.591923815000143, 25.764151460000107 ], [ 51.592513767000071, 25.763039093000032 ], [ 51.590563867000014, 25.760076425000022 ], [ 51.587575462000132, 25.75740293500013 ], [ 51.583146099000032, 25.757084729000098 ], [ 51.58321949600014, 25.754367500000058 ], [ 51.587498246000166, 25.755381581000051 ], [ 51.594306045000053, 25.761739644000045 ], [ 51.595590493000088, 25.761667904000149 ], [ 51.59383406600017, 25.760680931000138 ], [ 51.59541692800002, 25.760254466000106 ], [ 51.59296329600005, 25.75724715400014 ], [ 51.596431390000134, 25.758690260000151 ], [ 51.597329222000155, 25.766116801000123 ], [ 51.5941221, 25.773156007000068 ], [ 51.596852094000099, 25.775179652000077 ], [ 51.598006470000087, 25.800841022000043 ], [ 51.589617268000154, 25.819303294000122 ], [ 51.589849557000093, 25.835537677000161 ], [ 51.587725228000068, 25.840408475000118 ], [ 51.587719283000069, 25.844910403000085 ], [ 51.585763256000121, 25.85114737400005 ], [ 51.585928099000171, 25.852009033 ], [ 51.589678703000175, 25.851920115000098 ], [ 51.58617758000014, 25.852213808000158 ], [ 51.585067034000076, 25.85531650900009 ], [ 51.586429796, 25.855667542000106 ], [ 51.585170296000058, 25.855530413000054 ], [ 51.585980995999989, 25.85658587000006 ], [ 51.584610335000036, 25.857670625000026 ], [ 51.585622086000171, 25.858192915000075 ], [ 51.583934954000028, 25.86028676900014 ], [ 51.660050044000059, 25.896036858 ], [ 51.661895750000042, 25.899022197000022 ], [ 51.657673178000039, 25.90493208099997 ], [ 51.659929452000029, 25.907499612000038 ], [ 51.657014218000086, 25.905777237000109 ], [ 51.653432404000171, 25.909099351000179 ], [ 51.656954793000068, 25.903526883000097 ], [ 51.655822358000023, 25.902557399000159 ], [ 51.657258471000148, 25.903169131000141 ], [ 51.656687204000036, 25.901539798000044 ], [ 51.6591849940001, 25.901749934000065 ], [ 51.660589686000151, 25.900013622000074 ], [ 51.659820603000185, 25.897068104000084 ], [ 51.658319058000018, 25.896376386000043 ], [ 51.656897594000043, 25.898324355 ], [ 51.654354113000181, 25.897151416000042 ], [ 51.652848912000024, 25.89962634900013 ], [ 51.654205838000053, 25.897080656000071 ], [ 51.651612910000097, 25.895842800000139 ], [ 51.648011756000017, 25.90200071300012 ], [ 51.649555185000111, 25.898929502999977 ], [ 51.644661812000152, 25.89656818900005 ], [ 51.642716213000028, 25.899473264000164 ], [ 51.646310074000098, 25.893313707000061 ], [ 51.6441043210001, 25.892260699000133 ], [ 51.642373439000096, 25.895227715000146 ], [ 51.643327832000068, 25.893166039000107 ], [ 51.638705186000038, 25.889678869000022 ], [ 51.636344414000121, 25.893026679000116 ], [ 51.632267547000026, 25.891153042000042 ], [ 51.634626886000149, 25.885392990000071 ], [ 51.61949074600011, 25.878145098000061 ], [ 51.618462966000152, 25.879899534000117 ], [ 51.615993968000112, 25.8787166460001 ], [ 51.617021481000165, 25.876961796000046 ], [ 51.583707511000114, 25.860907818000101 ], [ 51.576735959000075, 25.877142010000057 ], [ 51.575193601000194, 25.886376640000094 ], [ 51.575395422999975, 25.887817093000024 ], [ 51.577164231000154, 25.887918062000097 ], [ 51.57551340200007, 25.887957520000157 ], [ 51.575321397999971, 25.891649139000151 ], [ 51.601500622000174, 25.891573299000129 ], [ 51.631962723000072, 25.905115334000129 ], [ 51.634350687999984, 25.901397187999976 ], [ 51.637604107000186, 25.902914619000057 ], [ 51.631976694000059, 25.912587955000163 ], [ 51.628775294000036, 25.911007563000169 ], [ 51.630512699000178, 25.907829133000064 ], [ 51.62367025500015, 25.903750850000051 ], [ 51.61938786200011, 25.909974313000077 ], [ 51.622807417000161, 25.903339400000107 ], [ 51.601294077000034, 25.892762735000133 ], [ 51.587306474000059, 25.892768686000181 ], [ 51.593765935000135, 25.90332276200013 ], [ 51.591120513000078, 25.908182928000087 ], [ 51.608976024000128, 25.916799075000085 ], [ 51.610290694000014, 25.916199396000081 ], [ 51.613695361000111, 25.91886570500003 ], [ 51.617265153000062, 25.913674166000078 ], [ 51.614632378000067, 25.919251230000043 ], [ 51.618521087000033, 25.921073365000041 ], [ 51.62089561200014, 25.917646773000058 ], [ 51.619024644000092, 25.921337938000192 ], [ 51.62227303300017, 25.922906002000104 ], [ 51.624770657000056, 25.919496151000146 ], [ 51.623446996000041, 25.923437247999971 ], [ 51.63309684799998, 25.922305741000059 ], [ 51.636805872000139, 25.91581523100001 ], [ 51.637838889000079, 25.915962942000078 ], [ 51.63369464200008, 25.923146817000031 ], [ 51.622530026000049, 25.924600480000151 ], [ 51.619517301000087, 25.923171954000054 ], [ 51.619568243000174, 25.92515753400005 ], [ 51.618666046000044, 25.922928126000158 ], [ 51.617625799000052, 25.922536858000115 ], [ 51.615469346000054, 25.925998052000125 ], [ 51.617312427000059, 25.922394190000034 ], [ 51.615124837000053, 25.921608419999984 ], [ 51.613796555000135, 25.923949260000086 ], [ 51.613142076000088, 25.924068219000048 ], [ 51.612862850000056, 25.924791656000139 ], [ 51.612626550000016, 25.924680239000054 ], [ 51.614229802000182, 25.921181104000027 ], [ 51.612394576000042, 25.920065051000108 ], [ 51.609956091000129, 25.923600541000098 ], [ 51.611879787000134, 25.919819453000059 ], [ 51.598494561000052, 25.913338413000076 ], [ 51.594268375000127, 25.918995535000079 ], [ 51.588070697000148, 25.915138960000093 ], [ 51.585154713000122, 25.918014050000124 ], [ 51.594062945000189, 25.924474856000018 ], [ 51.596971992000078, 25.92078293600008 ], [ 51.598305755000069, 25.921653968000044 ], [ 51.597306322000065, 25.922905497000102 ], [ 51.600777995000158, 25.925201106000088 ], [ 51.603825253000196, 25.922524075000183 ], [ 51.606932842000049, 25.924003311000035 ], [ 51.603400103000013, 25.928421933000038 ], [ 51.593544822000013, 25.925538194000069 ], [ 51.592600312000059, 25.926441131000104 ], [ 51.590970920000075, 25.924806653000019 ], [ 51.589976160000163, 25.925803006000137 ], [ 51.597617417000095, 25.932849589999989 ], [ 51.599689513000158, 25.930735071000129 ], [ 51.600829916000066, 25.931254967000143 ], [ 51.598107540000058, 25.933370736000143 ], [ 51.601529668000069, 25.935992272000135 ], [ 51.618230200000085, 25.93063168599997 ], [ 51.620695817000069, 25.92963080100003 ], [ 51.620419165000101, 25.928371129000084 ], [ 51.621342010000149, 25.929367710000065 ], [ 51.623899396000184, 25.928656799000123 ], [ 51.618627689000164, 25.932167338000056 ], [ 51.617802653000126, 25.931602141000099 ], [ 51.603444904000071, 25.937400542000148 ], [ 51.610270372000116, 25.938418438000156 ], [ 51.614078804000144, 25.934635123000021 ], [ 51.615029988000117, 25.935442505000026 ], [ 51.611722311999984, 25.938834200000088 ], [ 51.626815301000136, 25.940894520000029 ], [ 51.642573297000069, 25.932455152000045 ], [ 51.64007426600017, 25.928383294000128 ], [ 51.643225525000048, 25.931955311000024 ], [ 51.65310353700005, 25.926385037000102 ], [ 51.658302468000102, 25.925166013000137 ], [ 51.658764405, 25.926279750000162 ], [ 51.652435434000097, 25.927730864000125 ], [ 51.629600624000091, 25.941185595000036 ], [ 51.622570912000015, 25.942323037000051 ], [ 51.596752747000153, 25.93835689500014 ], [ 51.574861115000033, 25.920261448000133 ], [ 51.573589070000025, 25.916747805999989 ], [ 51.572943236000071, 25.918589412000131 ], [ 51.571476225000083, 25.918081335000124 ], [ 51.559116245000041, 25.924055001 ], [ 51.539349185, 25.930810785000176 ], [ 51.534727201000067, 25.933534387000066 ], [ 51.533956572000136, 25.935337464000156 ], [ 51.52523927500016, 25.941639315000145 ], [ 51.52461734100001, 25.943382759000144 ], [ 51.515139164000175, 25.949566130000051 ], [ 51.497020536999969, 25.953194872000097 ], [ 51.496615499000029, 25.950910810000153 ], [ 51.471492516000126, 25.948252971000045 ], [ 51.455754728000045, 25.94371159800005 ], [ 51.451886532000117, 25.94403225700006 ], [ 51.39244066800012, 25.913079081000149 ], [ 51.345936516000108, 25.891129768999974 ], [ 51.345695177000096, 25.894293021000067 ], [ 51.29309538200016, 25.894778394000184 ], [ 51.290168335000146, 25.896303726000099 ], [ 51.289221104000035, 25.894706630000087 ], [ 51.269555417000106, 25.894340768 ], [ 51.269578782, 25.946693094000011 ], [ 51.235203704000128, 25.946701573000098 ], [ 51.235251207000033, 25.943154003000018 ], [ 51.231465566000054, 25.943062606000012 ], [ 51.22914031300013, 25.946702222000056 ], [ 51.160698761000106, 25.946691945 ] ] ], [ [ [ 51.576015660000053, 25.734112407000055 ], [ 51.576059056000076, 25.734754284000132 ], [ 51.575788116000069, 25.734148325000035 ], [ 51.576015660000053, 25.734112407000055 ] ] ], [ [ [ 51.550052572000027, 25.736981815000149 ], [ 51.550086463000071, 25.73698805600003 ], [ 51.55002276100015, 25.737012564000111 ], [ 51.550052572000027, 25.736981815000149 ] ] ], [ [ [ 51.57062615000018, 25.741991601000052 ], [ 51.569155618000195, 25.740235347000066 ], [ 51.571168401000193, 25.738731351000126 ], [ 51.571881781000059, 25.739265591000105 ], [ 51.57062615000018, 25.741991601000052 ] ] ] ] } },
{ "type": "Feature", "properties": { "adm1_name": "Al Rayyan Municipality", "adm1_pcode": "QAT003" }, "geometry": { "type": "Polygon", "coordinates": [ [ [ 51.391373995000038, 25.367017090000104 ], [ 51.364028504000089, 25.36704959900004 ], [ 51.363085542000078, 25.385428455000181 ], [ 51.316037901000129, 25.389524008000024 ], [ 51.315970032000109, 25.30643589500005 ], [ 51.312345743000151, 25.303072695000139 ], [ 51.272275039000078, 25.303093233000027 ], [ 51.274772203000111, 25.296054848999972 ], [ 51.284438711, 25.281531288999986 ], [ 51.301371845000062, 25.247469313000067 ], [ 51.307410179000158, 25.230313497000054 ], [ 51.324506936000148, 25.19148549900018 ], [ 51.325606090000178, 25.178652693000117 ], [ 51.328151236000053, 25.171971687000109 ], [ 51.197581696000157, 25.124181992000047 ], [ 51.168440829000133, 25.107999663000044 ], [ 51.153403295000089, 25.129947048000076 ], [ 51.148689596000111, 25.134445337000045 ], [ 51.106181008000078, 25.15350111000015 ], [ 51.09054593500008, 25.157821676000026 ], [ 51.018279522000057, 25.171347842999978 ], [ 51.017535381000187, 25.091960171000039 ], [ 50.997657092999987, 25.08177648800006 ], [ 50.800289549000126, 25.081353986000124 ], [ 50.805443025000045, 25.075838552999983 ], [ 50.806809519000126, 25.065568287000076 ], [ 50.810908992000122, 25.06010921100011 ], [ 50.814159289000031, 25.04003183500015 ], [ 50.811965771000075, 25.034406698 ], [ 50.808235594000109, 25.037381919000097 ], [ 50.797385599000052, 25.025923526000156 ], [ 50.801751105000108, 25.021233947000155 ], [ 50.798619381000151, 25.015564118999976 ], [ 50.79688977800015, 25.004166587000043 ], [ 50.79814503900019, 24.999848981000184 ], [ 50.796333661000062, 24.992047569000079 ], [ 50.796971121000183, 24.985734800000046 ], [ 50.798144612000044, 24.982514946000094 ], [ 50.80088313300007, 24.980872464000129 ], [ 50.804372364000187, 24.973115613000175 ], [ 50.81473178400006, 24.962865793000162 ], [ 50.823171489000174, 24.956890251000061 ], [ 50.82664881200003, 24.939661140000169 ], [ 50.828510944000072, 24.937228060000109 ], [ 50.837046769000153, 24.932640165 ], [ 50.852129530000127, 24.918986538000183 ], [ 50.851196221000066, 24.911513810000031 ], [ 50.850449692000041, 24.911492083000098 ], [ 50.849693824000042, 24.910929687000134 ], [ 50.854281505000074, 24.909737011 ], [ 50.859158400000126, 24.902237141000114 ], [ 50.858504427000071, 24.900260682000123 ], [ 50.854066269000043, 24.899855861000106 ], [ 50.853446318000181, 24.901694246999966 ], [ 50.853694910000172, 24.899919278000141 ], [ 50.850836599000161, 24.899858837000181 ], [ 50.851444270000115, 24.898964780000028 ], [ 50.858821951999971, 24.900207704000024 ], [ 50.859709548000069, 24.899391721000086 ], [ 50.859274355000196, 24.89216691300004 ], [ 50.86338280800004, 24.884734990000027 ], [ 50.864605610000183, 24.877914266000175 ], [ 50.863180845000159, 24.874610800000028 ], [ 50.86057138200016, 24.872538588 ], [ 50.859715091000055, 24.865693737000072 ], [ 50.861287237000113, 24.863180105000083 ], [ 50.855310128000042, 24.8608988740001 ], [ 50.853466667000191, 24.838915669000073 ], [ 50.856657454000128, 24.837150965000092 ], [ 50.854357415000152, 24.83673370300005 ], [ 50.855665752000164, 24.836264053999969 ], [ 50.855024032000188, 24.833928898000011 ], [ 50.858409867000091, 24.820984279000072 ], [ 50.86305710400012, 24.813846253000065 ], [ 50.866261253000118, 24.812266503000103 ], [ 50.868008106000104, 24.809668970000018 ], [ 50.871537566000143, 24.800506869 ], [ 50.871020587000089, 24.794528034000166 ], [ 50.869440146000159, 24.790254481000147 ], [ 50.866572984000072, 24.787800071999982 ], [ 50.865247110000098, 24.780005193000136 ], [ 50.862186506, 24.772954087000073 ], [ 50.863362498000129, 24.769523004000121 ], [ 50.860396684000079, 24.764940128000035 ], [ 50.840020791000029, 24.753661961999967 ], [ 50.812528795000105, 24.743724832000055 ], [ 50.860308531000157, 24.672681743000169 ], [ 50.929667816000176, 24.544602744000144 ], [ 51.000774494000098, 24.499325383000155 ], [ 51.099379599000031, 24.470436239000094 ], [ 51.124117713000146, 24.474631788000067 ], [ 51.118030862000182, 24.491774099000111 ], [ 51.118024198000171, 24.499537542000041 ], [ 51.117244747000086, 24.498919128000182 ], [ 51.115305794000108, 24.500965434000022 ], [ 51.118021123000176, 24.503119757000036 ], [ 51.117748796000114, 24.827331043000072 ], [ 51.097965253000041, 24.827316646000043 ], [ 51.097946312000147, 24.847177330000022 ], [ 51.088052968000113, 24.847169143000144 ], [ 51.088015605000123, 24.883279317000074 ], [ 51.097911823000061, 24.883287518000145 ], [ 51.097877267000058, 24.919397534000041 ], [ 51.117675474000066, 24.919411992 ], [ 51.117617714000119, 24.991631545000075 ], [ 51.13293209800014, 24.991640951000136 ], [ 51.147231058000045, 25.003887590000147 ], [ 51.15015883500007, 25.001815614000122 ], [ 51.156657511000049, 24.991652410000142 ], [ 51.157530724000083, 24.991652760000136 ], [ 51.153525427000091, 24.998796089000109 ], [ 51.164642484000183, 25.003337564000105 ], [ 51.171098843000152, 24.991657534000012 ], [ 51.21666666700014, 24.991664512000057 ], [ 51.21666666700014, 25.031048123000062 ], [ 51.222779157000161, 25.031047998000133 ], [ 51.222780527999987, 25.058685858 ], [ 51.21666666700014, 25.058685984000192 ], [ 51.21666666700014, 25.108749149000062 ], [ 51.314635653000096, 25.083212182000182 ], [ 51.335333879000075, 25.073826634000056 ], [ 51.341040836000047, 25.079882760000032 ], [ 51.363114779000057, 25.078706290000071 ], [ 51.358987735000028, 25.09878287500004 ], [ 51.36299265700012, 25.101039893000063 ], [ 51.368455925000035, 25.101998207000179 ], [ 51.412246558000163, 25.096563269000058 ], [ 51.380024112000171, 25.126414185000101 ], [ 51.434305213000187, 25.149894835000111 ], [ 51.396569285, 25.20393931000001 ], [ 51.432590277000031, 25.224810966000177 ], [ 51.474448054000106, 25.165708694000159 ], [ 51.492946856000174, 25.1734730820001 ], [ 51.519784170999969, 25.195044596 ], [ 51.541850202000091, 25.203495120000071 ], [ 51.535867686000188, 25.222255924000137 ], [ 51.528293088000169, 25.23309748500003 ], [ 51.491636863000053, 25.253107613000111 ], [ 51.488941775000171, 25.251438893000056 ], [ 51.485499852000032, 25.25601733100018 ], [ 51.497825520000049, 25.263359912000112 ], [ 51.476433542000052, 25.292822197000021 ], [ 51.470761806999974, 25.319928066000045 ], [ 51.451649642000064, 25.357895942000027 ], [ 51.439118467000185, 25.353580309000108 ], [ 51.439235746000179, 25.357669888000146 ], [ 51.436596217000044, 25.36364396099998 ], [ 51.425848781000184, 25.366085935000058 ], [ 51.418616211000028, 25.363792455 ], [ 51.422194022000042, 25.355170716000146 ], [ 51.420908766000082, 25.352610588000061 ], [ 51.423583610000094, 25.347144112000024 ], [ 51.419540197000117, 25.34112157900006 ], [ 51.4149390930001, 25.341092197000137 ], [ 51.412348626000096, 25.352874966000059 ], [ 51.391369964000148, 25.352901350000138 ], [ 51.391373995000038, 25.367017090000104 ] ], [ [ 51.477219665000177, 25.249039584000059 ], [ 51.481261661000133, 25.241611328000033 ], [ 51.482353289, 25.24231756000006 ], [ 51.488567299000124, 25.234515868000074 ], [ 51.485678414000063, 25.23238467800013 ], [ 51.473436796000101, 25.24699788300012 ], [ 51.477219665000177, 25.249039584000059 ] ] ] } },
{ "type": "Feature", "properties": { "adm1_name": "Al Shamal Municipality", "adm1_pcode": "QAT004" }, "geometry": { "type": "MultiPolygon", "coordinates": [ [ [ [ 51.253858217000186, 26.158043565000185 ], [ 51.251024733000065, 26.158102651000092 ], [ 51.24440361000012, 26.157119694000187 ], [ 51.240183326000192, 26.155263905000027 ], [ 51.233945678000111, 26.144076246000111 ], [ 51.224292210000044, 26.139418498 ], [ 51.221185878000028, 26.139207944000191 ], [ 51.219072912, 26.142567315000065 ], [ 51.216520425000112, 26.143424596000045 ], [ 51.214106651000066, 26.143020651000086 ], [ 51.209984968000185, 26.139748459000032 ], [ 51.213473509000096, 26.146616420000157 ], [ 51.203332028000034, 26.150911420000057 ], [ 51.20075820500017, 26.145183785000029 ], [ 51.200700423000171, 26.139314124000066 ], [ 51.190787435000118, 26.13881223900006 ], [ 51.189409672000068, 26.140037516000064 ], [ 51.189576886000054, 26.145422641000039 ], [ 51.187860139000179, 26.145875511000042 ], [ 51.184702499000082, 26.137114419000056 ], [ 51.18706273600003, 26.134767767000085 ], [ 51.184651510000037, 26.129356406000056 ], [ 51.183348282000168, 26.129456401000084 ], [ 51.182812236000075, 26.127539904000059 ], [ 51.181380821, 26.129908857000032 ], [ 51.182190124000101, 26.126917312000046 ], [ 51.161561568000195, 26.115199162000181 ], [ 51.158874242000081, 26.111206740000057 ], [ 51.155521323000187, 26.104207115000122 ], [ 51.157397030000027, 26.09842485300004 ], [ 51.153455700000109, 26.092980295000075 ], [ 51.154609383000036, 26.088873663000072 ], [ 51.152469253000106, 26.085840469000118 ], [ 51.129692004000105, 26.071659803999978 ], [ 51.124180983000031, 26.069722470000102 ], [ 51.119346374000145, 26.0712446980001 ], [ 51.118697664000138, 26.074225723000097 ], [ 51.119720372000188, 26.07484353500007 ], [ 51.113860613000043, 26.080517683999972 ], [ 51.111621214000081, 26.080124070000124 ], [ 51.108997694000095, 26.076530433000016 ], [ 51.097303355000179, 26.067104197000106 ], [ 51.092615887000079, 26.069165310000187 ], [ 51.09280273100012, 26.071378509000112 ], [ 51.087021682000056, 26.072455928000124 ], [ 51.079609365000067, 26.063907425000082 ], [ 51.080224190000195, 26.061461429000019 ], [ 51.079101155000103, 26.063875769000163 ], [ 51.061588626000173, 26.057524673000103 ], [ 51.063681368000118, 26.052817450000077 ], [ 51.054166477000081, 26.049953518999985 ], [ 51.042663001000051, 26.044005785000138 ], [ 51.040297229000032, 26.043809875000079 ], [ 51.040163796000115, 26.044734110000093 ], [ 51.035335259000192, 26.04285543300017 ], [ 51.041294625000148, 26.040468196000063 ], [ 51.04404468700011, 26.033990844000073 ], [ 51.038734076000139, 26.019442667000078 ], [ 51.040670773000045, 26.01709448400004 ], [ 51.041199453000104, 26.013583784000161 ], [ 51.03880855400007, 26.010840342 ], [ 51.035830410000187, 26.012262775000011 ], [ 51.0371728880001, 26.010629311000059 ], [ 51.037108118000049, 26.006913706000034 ], [ 51.035649233000072, 26.004547221000053 ], [ 51.034618658000113, 25.992236843000057 ], [ 51.033145657000034, 25.989364766 ], [ 51.036402069000189, 25.988321618000043 ], [ 51.036523660000171, 25.986460793000163 ], [ 51.033136576000061, 25.984331544000099 ], [ 51.028855677000138, 25.983676664000086 ], [ 51.025707059000069, 25.987929891000022 ], [ 51.023943314000064, 25.986334581000051 ], [ 51.021906496000099, 25.986530501000061 ], [ 51.024692230000028, 25.983874081000181 ], [ 51.025082573000077, 25.977731060000053 ], [ 51.019654912000135, 25.971502731000101 ], [ 51.018356268000161, 25.972385351000128 ], [ 51.01825943200015, 25.972276092000072 ], [ 51.019492338000191, 25.97141011399998 ], [ 51.016424051000058, 25.968759810999984 ], [ 51.01642807800016, 25.967826628000182 ], [ 51.021837731000176, 25.972251690000178 ], [ 51.021993929000132, 25.971915567000167 ], [ 51.020360229000175, 25.970297783999968 ], [ 51.02031102400008, 25.969802505000132 ], [ 51.021184064000181, 25.970611006000127 ], [ 51.02132646300015, 25.969403668000098 ], [ 51.022390768000037, 25.971530195000071 ], [ 51.022668935000013, 25.968296445000021 ], [ 51.023577183000043, 25.969878269 ], [ 51.02463289300016, 25.968347056000027 ], [ 51.009910239000078, 25.961909202000129 ], [ 51.009012548000157, 25.960845085000074 ], [ 51.010185165000053, 25.960388575000138 ], [ 51.010772870000096, 25.957344239000122 ], [ 51.007750035000015, 25.95815557800006 ], [ 51.006006846000105, 25.955604527999981 ], [ 51.006457503000036, 25.959093171000063 ], [ 51.004100884000195, 25.959874096000135 ], [ 51.002847215000088, 25.963557638000054 ], [ 51.000333162000175, 25.964245958 ], [ 50.997846338000102, 25.96838322800005 ], [ 51.000188217000186, 25.970719020000047 ], [ 50.999356627000111, 25.973721726000122 ], [ 50.99711500799998, 25.975383001000182 ], [ 50.996509952000054, 25.977236884000035 ], [ 50.997690496000189, 25.978092387000174 ], [ 50.996619562000035, 25.979037696000148 ], [ 50.998672750000082, 25.979051347000109 ], [ 51.000320549000094, 25.981183712000075 ], [ 50.998601529000155, 25.97927315600009 ], [ 50.997096031000126, 25.979465329999982 ], [ 50.993295680000188, 25.982508410999969 ], [ 50.993757898000069, 25.983865267000169 ], [ 50.992116830000157, 25.982910931000106 ], [ 50.990208641000095, 25.979038664000029 ], [ 50.990884896000182, 25.976792354000168 ], [ 50.988301873000069, 25.973698531000082 ], [ 50.991036368000096, 25.967587984000147 ], [ 50.989725573000101, 25.963573633000067 ], [ 50.990484956000159, 25.958329622000065 ], [ 50.993552417000046, 25.95742521 ], [ 50.994645059, 25.953847585 ], [ 50.993204673000037, 25.951028072000042 ], [ 50.995416787000067, 25.944624353 ], [ 50.993526102000089, 25.941586954000115 ], [ 50.994417620000092, 25.941815143000099 ], [ 50.994835383000122, 25.939311925000084 ], [ 50.994025639000085, 25.935092214000122 ], [ 50.997227647000159, 25.925312928000096 ], [ 50.9957444100001, 25.922349225000119 ], [ 50.99737556000008, 25.91865243 ], [ 50.99436032300008, 25.91501886900005 ], [ 50.995117338000114, 25.909725753000146 ], [ 50.993038335000108, 25.906367769000099 ], [ 50.993763902000182, 25.903312339000081 ], [ 50.992722260000164, 25.901107445000093 ], [ 50.986786834000043, 25.895209477000037 ], [ 50.980349746000172, 25.893406474000187 ], [ 50.980032254000037, 25.887827621000156 ], [ 50.976174395000101, 25.884993666000071 ], [ 50.975141045000044, 25.881477059000133 ], [ 50.972036665000076, 25.879701374000035 ], [ 50.977968640000142, 25.875403818000109 ], [ 50.978772069000115, 25.873101388 ], [ 50.980078512000091, 25.871848238999974 ], [ 50.979622639000127, 25.873018230000071 ], [ 50.981063760000097, 25.872510944 ], [ 50.982219441000041, 25.870240874000103 ], [ 50.984611443000119, 25.870975287000078 ], [ 50.983693467000194, 25.873301324000067 ], [ 50.986101879000159, 25.870789239000089 ], [ 50.978747793000082, 25.865151242000024 ], [ 50.971542926000154, 25.862725851000164 ], [ 50.97012850100009, 25.867709629000046 ], [ 50.971224436999989, 25.870286801000134 ], [ 50.969900990000042, 25.871298884999987 ], [ 50.967974427000058, 25.87034606900005 ], [ 50.966546645000051, 25.867266854999968 ], [ 50.966778186000113, 25.863556188000189 ], [ 50.959513242000128, 25.85566030300015 ], [ 50.962144239000111, 25.85030811200005 ], [ 50.959545155000171, 25.844445328000063 ], [ 51.116918286000157, 25.844671341000037 ], [ 51.116848350000055, 25.927875998000047 ], [ 51.113717818, 25.928039521000187 ], [ 51.118602512000052, 25.929677797000011 ], [ 51.115688798, 25.931534029000147 ], [ 51.116844734000097, 25.932167570000047 ], [ 51.116832512000144, 25.946668352000131 ], [ 51.135223563000125, 25.946679861000064 ], [ 51.135247085000117, 25.967445946999987 ], [ 51.165213668000035, 25.967131290000168 ], [ 51.160698761000106, 25.946691945 ], [ 51.22914031300013, 25.946702222000056 ], [ 51.231465566000054, 25.943062606000012 ], [ 51.235251207000033, 25.943154003000018 ], [ 51.235203704000128, 25.946701573000098 ], [ 51.269578782, 25.946693094000011 ], [ 51.269555417000106, 25.894340768 ], [ 51.289221104000035, 25.894706630000087 ], [ 51.290168335000146, 25.896303726000099 ], [ 51.29309538200016, 25.894778394000184 ], [ 51.345695177000096, 25.894293021000067 ], [ 51.345936516000108, 25.891129768999974 ], [ 51.39244066800012, 25.913079081000149 ], [ 51.451886532000117, 25.94403225700006 ], [ 51.455754728000045, 25.94371159800005 ], [ 51.471492516000126, 25.948252971000045 ], [ 51.496615499000029, 25.950910810000153 ], [ 51.497020536999969, 25.953194872000097 ], [ 51.488319374000127, 25.95329725300013 ], [ 51.488410489000103, 25.958211489000121 ], [ 51.487931667000112, 25.953292095000052 ], [ 51.481537050000099, 25.952732955000158 ], [ 51.481019826000079, 25.953899585000045 ], [ 51.480503437000095, 25.952449317000173 ], [ 51.456252289000133, 25.947972007000089 ], [ 51.46111829400013, 25.951206594000098 ], [ 51.459363993000181, 25.955546089000052 ], [ 51.457300025000109, 25.955913262000138 ], [ 51.459140630000093, 25.955288757000062 ], [ 51.46040741700017, 25.951228885999967 ], [ 51.454675531000021, 25.948896902000115 ], [ 51.455498628000043, 25.948096658000168 ], [ 51.451598053000112, 25.947720841999967 ], [ 51.452279826000165, 25.949257218000071 ], [ 51.454535300000089, 25.949526871000103 ], [ 51.454453267000133, 25.949756758000035 ], [ 51.452212776000124, 25.949437707000186 ], [ 51.451040406000118, 25.94708322300005 ], [ 51.441741930000092, 25.947224456000129 ], [ 51.440250860000162, 25.947971598000095 ], [ 51.441208583000105, 25.949539093000055 ], [ 51.43860997500019, 25.947918484000184 ], [ 51.420841682000059, 25.954805025000041 ], [ 51.405921576000139, 25.96389167500007 ], [ 51.402827808000154, 25.967060031000074 ], [ 51.400519988000156, 25.973791011000117 ], [ 51.401805419000027, 25.968761405000123 ], [ 51.404761569000186, 25.963704134000125 ], [ 51.401660003000075, 25.966851850000126 ], [ 51.400848759000098, 25.965713049000158 ], [ 51.400499364000041, 25.968122491000031 ], [ 51.399706022000089, 25.966316707000033 ], [ 51.397747213000116, 25.971487191000051 ], [ 51.398300501000108, 25.973679469000103 ], [ 51.399809797000103, 25.973339790000125 ], [ 51.398497498000154, 25.976302985000075 ], [ 51.399461561000066, 25.980801802000087 ], [ 51.40028248700014, 25.978914270000075 ], [ 51.399443074000033, 25.977124900000149 ], [ 51.400491340000087, 25.977137662000132 ], [ 51.402048150000098, 25.973430379000092 ], [ 51.401617696000187, 25.981886715000087 ], [ 51.399765183000113, 25.988227942000094 ], [ 51.400899400000071, 25.995283642000174 ], [ 51.400361198000155, 26.008951836999984 ], [ 51.397654996000028, 26.011865751000016 ], [ 51.382135922000145, 26.01958022700012 ], [ 51.38002986000015, 26.02227616000016 ], [ 51.376591985000175, 26.025142087 ], [ 51.380577144000142, 26.020330187000127 ], [ 51.371994419000089, 26.025684002 ], [ 51.370058839000137, 26.028278477000185 ], [ 51.369857972000148, 26.02772266300002 ], [ 51.370009069000105, 26.027580279000176 ], [ 51.369946616, 26.027353808000157 ], [ 51.368377405000103, 26.031223865000186 ], [ 51.369650259000082, 26.028619492000075 ], [ 51.373720467000055, 26.025971315000049 ], [ 51.368606014000136, 26.033988899000178 ], [ 51.366918565000049, 26.034430822000047 ], [ 51.368516618000172, 26.034440398000129 ], [ 51.368078062000109, 26.037942922000013 ], [ 51.371876948000022, 26.034029596000039 ], [ 51.372958213000061, 26.031122025000116 ], [ 51.37367365, 26.032491918 ], [ 51.37389609000013, 26.028630460000102 ], [ 51.374393115000146, 26.030682736000074 ], [ 51.375640827000154, 26.026819638000177 ], [ 51.375831541000139, 26.03006389 ], [ 51.378625123000177, 26.027294672000039 ], [ 51.359860072000174, 26.049409676000039 ], [ 51.357849786000088, 26.054415674000154 ], [ 51.357467193000161, 26.06291049500004 ], [ 51.357969332000039, 26.064617241 ], [ 51.359364638000045, 26.064536006000139 ], [ 51.359591294000154, 26.064673077 ], [ 51.357785951000039, 26.064916093000079 ], [ 51.358071001000042, 26.065979410000011 ], [ 51.362330757000052, 26.065496732000042 ], [ 51.36385677300018, 26.064076456000123 ], [ 51.363775341000178, 26.065327669 ], [ 51.364522493000038, 26.06402402000009 ], [ 51.365081921000126, 26.065310717000045 ], [ 51.35810413400003, 26.066424155000163 ], [ 51.361511309000093, 26.073770067000055 ], [ 51.358102783000163, 26.08306073100016 ], [ 51.36153612600009, 26.098912702000177 ], [ 51.361075703000097, 26.101049905000025 ], [ 51.350025798000047, 26.107012330000146 ], [ 51.347350115999973, 26.110033909000094 ], [ 51.34275509500003, 26.111199079000073 ], [ 51.341608052000083, 26.112074077000159 ], [ 51.342104868000149, 26.113839449000068 ], [ 51.339953402000106, 26.115554857000063 ], [ 51.338579994000156, 26.114685340000108 ], [ 51.33647164100006, 26.115712480000013 ], [ 51.328877972000157, 26.121639534000167 ], [ 51.318813269000088, 26.126753198000131 ], [ 51.315503083000067, 26.130094004000171 ], [ 51.303659208000056, 26.135632871000041 ], [ 51.303026280999973, 26.137124230000097 ], [ 51.302096079000137, 26.135301541 ], [ 51.295849182000097, 26.137703766000072 ], [ 51.291337402000181, 26.136981099000081 ], [ 51.286043967000126, 26.139592715000163 ], [ 51.278156520999971, 26.141135236000139 ], [ 51.274819255000068, 26.14438314400013 ], [ 51.271237552000116, 26.145222833000048 ], [ 51.271352961000161, 26.14609436500001 ], [ 51.272876796000048, 26.145520060000024 ], [ 51.272204706000196, 26.146426304000045 ], [ 51.260900916000026, 26.149839782000015 ], [ 51.260967766000192, 26.152660947000129 ], [ 51.256649272000118, 26.15408549000017 ], [ 51.257717710000065, 26.155116974000066 ], [ 51.250464939000096, 26.157449248000091 ], [ 51.252561875000083, 26.157792008000058 ], [ 51.25775650900016, 26.155679111000097 ], [ 51.253858217000186, 26.158043565000185 ] ] ], [ [ [ 50.978391325000075, 25.866652442000031 ], [ 50.978648608000128, 25.871494923000057 ], [ 50.977899870000158, 25.869857183000079 ], [ 50.978391325000075, 25.866652442000031 ] ] ], [ [ [ 51.02454962000013, 25.988053380000053 ], [ 51.024939528000061, 25.988287485000114 ], [ 51.024395614000184, 25.988598896000042 ], [ 51.02454962000013, 25.988053380000053 ] ] ], [ [ [ 51.275418540000032, 26.146011323000096 ], [ 51.274405334000051, 26.148523582000053 ], [ 51.271039696000116, 26.149580976000095 ], [ 51.271381251000037, 26.14838804599998 ], [ 51.275418540000032, 26.146011323000096 ] ] ], [ [ [ 51.273449737000135, 26.156402941000124 ], [ 51.271963356000128, 26.156610386000182 ], [ 51.271096033000049, 26.153984746000162 ], [ 51.271842906000131, 26.151770869000018 ], [ 51.272216885000091, 26.156140026000116 ], [ 51.273449737000135, 26.156402941000124 ] ] ], [ [ [ 51.260334401000136, 26.154381537000063 ], [ 51.260439471000097, 26.15732881800011 ], [ 51.259965809000164, 26.154290016 ], [ 51.2620851100001, 26.152751564000084 ], [ 51.261185413000192, 26.154128729999968 ], [ 51.263105776000032, 26.155595484 ], [ 51.267933541000048, 26.155064862000188 ], [ 51.265012800000079, 26.15648880700013 ], [ 51.260334401000136, 26.154381537000063 ] ] ], [ [ [ 51.269992213000194, 26.165511071000026 ], [ 51.262332658000162, 26.168050467000171 ], [ 51.261633304000043, 26.167683909000061 ], [ 51.260447224000131, 26.164003326000056 ], [ 51.26118378200016, 26.163612963 ], [ 51.262383162000106, 26.167775196000036 ], [ 51.269458149000059, 26.165224721000129 ], [ 51.269709734000173, 26.16316027400012 ], [ 51.27581686700006, 26.159291272000132 ], [ 51.275167762000081, 26.15846602300013 ], [ 51.276613625000039, 26.156400720000022 ], [ 51.288704446999986, 26.143294817000026 ], [ 51.290558081000086, 26.142387336000183 ], [ 51.290776020000067, 26.143763352000178 ], [ 51.293617072000131, 26.14038934000007 ], [ 51.298633363000135, 26.139008883000145 ], [ 51.301145408000082, 26.136724507000167 ], [ 51.302276787000153, 26.137182224000071 ], [ 51.297973973000126, 26.139846642000123 ], [ 51.293021754999984, 26.141639873000031 ], [ 51.291360405000034, 26.143728472000134 ], [ 51.282171995000056, 26.151178581000067 ], [ 51.276957222000135, 26.156801853000104 ], [ 51.276172906999989, 26.159485987000153 ], [ 51.27023078700006, 26.163205797999979 ], [ 51.269992213000194, 26.165511071000026 ] ] ], [ [ [ 51.256132859000104, 26.169418866000171 ], [ 51.256641633000129, 26.169819965000045 ], [ 51.256273166000085, 26.169877517000032 ], [ 51.256132859000104, 26.169418866000171 ] ] ], [ [ [ 51.247305639, 26.17389625300018 ], [ 51.247090439000146, 26.174699130000079 ], [ 51.246556537, 26.174561794000056 ], [ 51.247305639, 26.17389625300018 ] ] ], [ [ [ 51.216669027000137, 26.177796376000174 ], [ 51.213520984000183, 26.182682742 ], [ 51.212858207000181, 26.180171385000165 ], [ 51.215119138000091, 26.178542262000065 ], [ 51.215104655000061, 26.176248625000085 ], [ 51.216590525000072, 26.17494081000018 ], [ 51.21656024300006, 26.168770914 ], [ 51.219888546000163, 26.167393706000098 ], [ 51.221197971000095, 26.168046970000148 ], [ 51.221084654000038, 26.169319976000168 ], [ 51.21995258700008, 26.168001495000055 ], [ 51.216688132000058, 26.16979155000007 ], [ 51.217581165000126, 26.174172149000071 ], [ 51.216020454000045, 26.177257562000023 ], [ 51.223441747000095, 26.176590034000014 ], [ 51.240335112000139, 26.180287449000161 ], [ 51.24916452500014, 26.177163734000089 ], [ 51.244135039000014, 26.180228295000063 ], [ 51.239534942000034, 26.180792417000191 ], [ 51.224141759000133, 26.177805424000042 ], [ 51.216669027000137, 26.177796376000174 ] ] ], [ [ [ 51.555937416, 26.303158830000029 ], [ 51.543921103000116, 26.303186746000051 ], [ 51.543902098000046, 26.296417514000041 ], [ 51.555917713999975, 26.296389607000151 ], [ 51.555937416, 26.303158830000029 ] ] ], [ [ [ 51.640997501000072, 26.452735909000126 ], [ 51.628965822000168, 26.452771133000056 ], [ 51.628941721000047, 26.446002109000062 ], [ 51.640972696000063, 26.44596689500014 ], [ 51.640997501000072, 26.452735909000126 ] ] ], [ [ [ 51.316425860000152, 26.58425866500005 ], [ 51.304380161000097, 26.584266595000031 ], [ 51.304375004000121, 26.577497527 ], [ 51.316419995000103, 26.577489600000149 ], [ 51.316425860000152, 26.58425866500005 ] ] ] ] } },
{ "type": "Feature", "properties": { "adm1_name": "Al Sheehaniya Municipality", "adm1_pcode": "QAT008" }, "geometry": { "type": "MultiPolygon", "coordinates": [ [ [ [ 50.934658798000157, 25.807563446000074 ], [ 50.931091889000129, 25.806497577000073 ], [ 50.925671609, 25.794103534000158 ], [ 50.920915285000149, 25.788418413000045 ], [ 50.913724354000124, 25.785375553 ], [ 50.913302260000194, 25.783421388000079 ], [ 50.909836166000105, 25.78280688000001 ], [ 50.909883967000098, 25.780021221000027 ], [ 50.908118959000035, 25.778019494000034 ], [ 50.908948534000046, 25.771213321000062 ], [ 50.906939108000074, 25.769037512000068 ], [ 50.907977850000179, 25.76652376100003 ], [ 50.905868021000174, 25.76373970700007 ], [ 50.907645615000149, 25.763714932000084 ], [ 50.907993972000099, 25.760296928000059 ], [ 50.911705405000134, 25.754453745000035 ], [ 50.912221976000183, 25.751427391000107 ], [ 50.914949085000103, 25.750286777000042 ], [ 50.914313903000163, 25.747075661999986 ], [ 50.919143964, 25.746466877000159 ], [ 50.919097163000174, 25.744709447000048 ], [ 50.917142027000011, 25.743766558000118 ], [ 50.919342363000169, 25.742067538000072 ], [ 50.917124019000141, 25.740709320000121 ], [ 50.918136996000044, 25.73897155800006 ], [ 50.91607400800001, 25.736179561000029 ], [ 50.903741852000167, 25.728987953000058 ], [ 50.903040770000075, 25.722719291000089 ], [ 50.898483403000057, 25.71862551300012 ], [ 50.893936766000195, 25.711829759000068 ], [ 50.894329150000146, 25.703571848000081 ], [ 50.898570139000128, 25.698650046000182 ], [ 50.89783953500006, 25.694980387000044 ], [ 50.899372512000127, 25.686367688000189 ], [ 50.89822598600017, 25.683619030000102 ], [ 50.900797480000108, 25.679672711000023 ], [ 50.897683289000099, 25.674787474000027 ], [ 50.896802389000015, 25.670446207000111 ], [ 50.900455998000098, 25.667120431000058 ], [ 50.900665213000082, 25.661502240000175 ], [ 50.904279153000118, 25.65449747700012 ], [ 50.903336428000046, 25.648963962000153 ], [ 50.907359039000085, 25.644704264000154 ], [ 50.908319576000054, 25.641207811000129 ], [ 50.910628678000137, 25.640663953000058 ], [ 50.912989641000195, 25.638072406000106 ], [ 50.91531954900006, 25.632996064000054 ], [ 50.923421877000067, 25.628970281000079 ], [ 50.92606982000018, 25.629283457999975 ], [ 50.92874712400004, 25.623095128999978 ], [ 50.936903984000082, 25.620910321000054 ], [ 50.941285885000184, 25.625080814000057 ], [ 50.946586487000161, 25.626899830000127 ], [ 50.947907626000131, 25.628881413000045 ], [ 50.947337712000092, 25.62712236700014 ], [ 50.949497858000086, 25.625392735000048 ], [ 50.950005340000189, 25.624060617000112 ], [ 50.948438449000093, 25.625039958000059 ], [ 50.949542383000164, 25.623915282999974 ], [ 50.963528780000161, 25.620429968 ], [ 50.962667070000123, 25.622309386999973 ], [ 50.96705229600002, 25.622558612000091 ], [ 50.96948825700008, 25.624231967000071 ], [ 50.971572802000139, 25.62396199900013 ], [ 50.971818392000046, 25.622674498000094 ], [ 50.973420496000074, 25.623824895000155 ], [ 50.975383717000057, 25.631975198000134 ], [ 50.978524642000139, 25.632063847999973 ], [ 50.977186131000167, 25.63072784700006 ], [ 50.97700472300005, 25.625495166000064 ], [ 50.978807359000029, 25.626847649000126 ], [ 50.978255615000194, 25.628270837000116 ], [ 50.978799533000085, 25.629577337000057 ], [ 50.979678970000123, 25.627388475000146 ], [ 50.977374503000135, 25.624008497000091 ], [ 50.973207352000031, 25.62168220600006 ], [ 50.971750886000109, 25.618354106000027 ], [ 50.964315056000032, 25.614934271000152 ], [ 50.96675183300016, 25.61146512300013 ], [ 50.965888232000168, 25.610584607000135 ], [ 50.969536374000029, 25.607586161000029 ], [ 50.969727083000123, 25.603607375000138 ], [ 50.970294071000126, 25.605390446000172 ], [ 50.969554665000032, 25.599152523000157 ], [ 50.965382939000051, 25.596102732000134 ], [ 50.955649141000038, 25.592719533000093 ], [ 50.953110085000105, 25.594992936000153 ], [ 50.952843782000173, 25.598493228000052 ], [ 50.948611258000085, 25.600427731000138 ], [ 50.942643764000195, 25.607965161000095 ], [ 50.94325261400013, 25.613300030000175 ], [ 50.942542654000192, 25.611752401000103 ], [ 50.939956654000071, 25.613329582000119 ], [ 50.942020088999982, 25.610597290000044 ], [ 50.941797449000035, 25.606757953000056 ], [ 50.940076276000184, 25.606071719000113 ], [ 50.934998472000188, 25.607608749000121 ], [ 50.934855133000099, 25.611746954000125 ], [ 50.93065262500005, 25.611946611 ], [ 50.933622746000026, 25.607635636000111 ], [ 50.932948458, 25.605837199000064 ], [ 50.928118053000105, 25.600701771000104 ], [ 50.923506566000015, 25.59962710800005 ], [ 50.922375635000151, 25.595632049000187 ], [ 50.924386149000043, 25.594135761000189 ], [ 50.924195214000179, 25.59188401900002 ], [ 50.92670167100016, 25.590878454000062 ], [ 50.92683237600005, 25.588835947000064 ], [ 50.925852792000171, 25.587034603000063 ], [ 50.921268086999987, 25.584799230000158 ], [ 50.92105599100006, 25.581321227000046 ], [ 50.917396945000178, 25.580352743000049 ], [ 50.917711233000034, 25.57759561000006 ], [ 50.915481340000042, 25.574470220000137 ], [ 50.919751910000059, 25.567360884000038 ], [ 50.91321477200006, 25.560376806000193 ], [ 50.912495264000029, 25.557694691000052 ], [ 50.913729498, 25.553484480000122 ], [ 50.911184837000064, 25.549730319000105 ], [ 50.911920012000053, 25.544892294000135 ], [ 50.907477834000019, 25.540910696000026 ], [ 50.909184470000184, 25.537808269000095 ], [ 50.913577498000052, 25.534535808000101 ], [ 50.912565187000041, 25.536324799000113 ], [ 50.914514550000149, 25.535099509000133 ], [ 50.915251134000187, 25.535143488000131 ], [ 50.912205869000161, 25.537521214000037 ], [ 50.919279070000186, 25.533384180000041 ], [ 50.920245213000101, 25.529769682000108 ], [ 50.919412958000066, 25.528444740000111 ], [ 50.917475352000167, 25.527624595000191 ], [ 50.9136262130001, 25.528388466000081 ], [ 50.911958692000042, 25.525829050000027 ], [ 50.9079474830001, 25.523539306000146 ], [ 50.90690924200004, 25.521021913000084 ], [ 50.908401022000021, 25.516854161000083 ], [ 50.913709466000171, 25.514356379000162 ], [ 50.916093928000066, 25.511832964000178 ], [ 50.917427450000105, 25.506818111000143 ], [ 50.915421102000039, 25.50628566 ], [ 50.91446865000006, 25.504013349000047 ], [ 50.913162678000049, 25.508479004000151 ], [ 50.906237306000094, 25.50850541300008 ], [ 50.904787399000099, 25.510554220000074 ], [ 50.905384194000192, 25.512249257000065 ], [ 50.907287851000035, 25.511694760000125 ], [ 50.906639748000146, 25.512718200000052 ], [ 50.901341581000111, 25.515004904000079 ], [ 50.898080380000181, 25.518078767000134 ], [ 50.899115964000089, 25.522766284000113 ], [ 50.897344684000075, 25.528315254000063 ], [ 50.893638191000093, 25.530260409000164 ], [ 50.892622468000127, 25.529520381 ], [ 50.889801196000121, 25.531964716 ], [ 50.89076545100005, 25.534319572000186 ], [ 50.889800739000179, 25.535745611000152 ], [ 50.884850381000035, 25.535383513 ], [ 50.883381843, 25.537003626000057 ], [ 50.880826762000083, 25.535725745999969 ], [ 50.877652190000163, 25.540115249 ], [ 50.879855959000167, 25.542434276000108 ], [ 50.875053025000113, 25.542929754000113 ], [ 50.873081944000035, 25.54100628000009 ], [ 50.87390085800007, 25.539055763000079 ], [ 50.875180304000082, 25.538386690999971 ], [ 50.875949921000085, 25.536973702000068 ], [ 50.875984049000067, 25.535514850000141 ], [ 50.875873995000177, 25.536943620000045 ], [ 50.874482853000188, 25.538522720000117 ], [ 50.87565604100007, 25.536615897 ], [ 50.874307361000035, 25.537036164000085 ], [ 50.875096459000133, 25.53500178500002 ], [ 50.872681522999983, 25.540662896000129 ], [ 50.870679471000074, 25.540297818999989 ], [ 50.868456379000179, 25.542084483000053 ], [ 50.872057537000046, 25.562895689000129 ], [ 50.870897801000012, 25.56385034300007 ], [ 50.869644439000069, 25.570259505000138 ], [ 50.864386294000155, 25.570569653000064 ], [ 50.861296819000017, 25.572898518000102 ], [ 50.860866679000139, 25.583497200000068 ], [ 50.862807894000071, 25.587741925000159 ], [ 50.869993973000021, 25.592953997000109 ], [ 50.873760274000176, 25.60085794500003 ], [ 50.875558249000164, 25.611806996000098 ], [ 50.8801884290001, 25.619870464000087 ], [ 50.879160006, 25.623778489000074 ], [ 50.880763134000176, 25.625857013000086 ], [ 50.879871981000065, 25.625291445000187 ], [ 50.879236779000053, 25.626971875000152 ], [ 50.880531307000069, 25.630492102000176 ], [ 50.874026241000081, 25.631794864000142 ], [ 50.874776294000071, 25.627733555000077 ], [ 50.872216009000056, 25.626482025000087 ], [ 50.872492317000138, 25.62809955299997 ], [ 50.869040364000114, 25.629786888000069 ], [ 50.8659638580001, 25.638244929000109 ], [ 50.863441572000113, 25.640190482000037 ], [ 50.85922634800005, 25.640112177000049 ], [ 50.855667454000127, 25.638108567000188 ], [ 50.849781419000067, 25.639798069000165 ], [ 50.849318819000189, 25.643451158000175 ], [ 50.846844070000145, 25.647666350000065 ], [ 50.847854752000103, 25.650249280000082 ], [ 50.849485656000013, 25.649783308999986 ], [ 50.847758428000134, 25.650438945000076 ], [ 50.848506139000108, 25.65210488300005 ], [ 50.847295484000028, 25.652723245000061 ], [ 50.844268353000075, 25.650730216999989 ], [ 50.843343779000179, 25.648334574000103 ], [ 50.846054613000092, 25.644501836000074 ], [ 50.843346933000078, 25.641917805000048 ], [ 50.847072706000063, 25.637243448000106 ], [ 50.843177800000035, 25.633756786000106 ], [ 50.838457761000029, 25.633019697000123 ], [ 50.842398120000155, 25.631232659000034 ], [ 50.843257549000157, 25.630218311000135 ], [ 50.842479299000047, 25.627711400000123 ], [ 50.848009397, 25.623574668000174 ], [ 50.846700011000053, 25.621863514000154 ], [ 50.843313068000043, 25.623793770000134 ], [ 50.837781949000032, 25.623298800000043 ], [ 50.83924238200018, 25.619914178000158 ], [ 50.844184907000113, 25.615096116000132 ], [ 50.84329249100017, 25.612778959000138 ], [ 50.836214182000106, 25.620625839000127 ], [ 50.832954287000121, 25.621587242000032 ], [ 50.823799862000044, 25.622129676000156 ], [ 50.822038466000095, 25.617591132000143 ], [ 50.81772199, 25.61464889500013 ], [ 50.81580922, 25.61681468200004 ], [ 50.817969638000079, 25.617929866000111 ], [ 50.818544241000097, 25.619836134000082 ], [ 50.817289455000036, 25.619937508000135 ], [ 50.818883763000144, 25.620000239999968 ], [ 50.819007352000142, 25.620777839000084 ], [ 50.817053289, 25.62153596100012 ], [ 50.815830935000122, 25.61720485800015 ], [ 50.815297259000033, 25.618915468000125 ], [ 50.80662801800014, 25.61459013200016 ], [ 50.802186777000088, 25.614634590000094 ], [ 50.802433698000186, 25.612452565000126 ], [ 50.800655204000122, 25.610449697000149 ], [ 50.801362002000133, 25.609599406000086 ], [ 50.794484297000167, 25.599541671 ], [ 50.799323556000047, 25.596242831000097 ], [ 50.799296385000048, 25.593763556000056 ], [ 50.804730191000033, 25.592725683000026 ], [ 50.807470996000063, 25.590681529000051 ], [ 50.807066675999977, 25.591946657000051 ], [ 50.809005031000083, 25.593953561000035 ], [ 50.817874909000125, 25.598564623000186 ], [ 50.821173447000035, 25.599045777000185 ], [ 50.828340331000106, 25.597023858000171 ], [ 50.827212748000136, 25.591972342000133 ], [ 50.830759037000178, 25.582569025000055 ], [ 50.835705521000193, 25.575205885000116 ], [ 50.835397160000184, 25.572355926000171 ], [ 50.83657572400017, 25.571903429000088 ], [ 50.837565625000082, 25.564201530000105 ], [ 50.833299619000059, 25.55984933600007 ], [ 50.836114421000104, 25.556824170000084 ], [ 50.836500730000182, 25.553982355000016 ], [ 50.830970410000191, 25.544638613000188 ], [ 50.824896590000151, 25.542619714000182 ], [ 50.824291114000175, 25.535678184000119 ], [ 50.820847383000057, 25.531003308000038 ], [ 50.820723417000124, 25.528990038000074 ], [ 50.818310085000121, 25.528206927000042 ], [ 50.817479885000125, 25.529607323000107 ], [ 50.817104068000049, 25.52823270000016 ], [ 50.819971292000162, 25.527644733999978 ], [ 50.820912219000093, 25.524268072000041 ], [ 50.82833240500014, 25.523533912 ], [ 50.829730408999978, 25.518687211000042 ], [ 50.833770915000173, 25.515184058000159 ], [ 50.837505856, 25.509231801000169 ], [ 50.834460573000058, 25.503290989000163 ], [ 50.837320164000118, 25.501650480000023 ], [ 50.839402544000109, 25.499197070000093 ], [ 50.839166687000045, 25.497738801000139 ], [ 50.844480071000191, 25.491850480000096 ], [ 50.842369799000039, 25.489236688000176 ], [ 50.839816019000125, 25.489848333000054 ], [ 50.836281997000128, 25.488431898000044 ], [ 50.836404913000138, 25.48571561000017 ], [ 50.84005282600009, 25.4804745940001 ], [ 50.84410843500018, 25.477556769000046 ], [ 50.844255232000194, 25.475903559000187 ], [ 50.84894754100003, 25.474234314 ], [ 50.847893159000193, 25.471131699000068 ], [ 50.851718845000164, 25.468347495000103 ], [ 50.850494462000029, 25.465504416000158 ], [ 50.838482427000088, 25.460482052000089 ], [ 50.833830107000097, 25.460142920000067 ], [ 50.832296738000139, 25.460438347000093 ], [ 50.832907198000044, 25.460760952000044 ], [ 50.833134017000077, 25.460665636000158 ], [ 50.835424798000133, 25.46086143500014 ], [ 50.835701359000041, 25.460983891000126 ], [ 50.833286497000074, 25.460788888000081 ], [ 50.831644173000086, 25.461144241000056 ], [ 50.828250720000028, 25.46307562800007 ], [ 50.832669597000177, 25.461123376000046 ], [ 50.825675733000082, 25.464440282 ], [ 50.822999921000189, 25.479294870000047 ], [ 50.823139011000137, 25.489311042000111 ], [ 50.819801730000165, 25.495718184000168 ], [ 50.820379945000127, 25.496532986000091 ], [ 50.815849245000038, 25.496562711000138 ], [ 50.813222604000089, 25.498991431000036 ], [ 50.81317179600012, 25.504104462000043 ], [ 50.810821426000189, 25.509537942000179 ], [ 50.809957061000148, 25.515698478000104 ], [ 50.809063380000168, 25.517625437000106 ], [ 50.805641349000098, 25.518748721000122 ], [ 50.804201584000111, 25.523615239000094 ], [ 50.799692364, 25.528065296000136 ], [ 50.799805651000099, 25.529336257000068 ], [ 50.79331617400004, 25.528708779 ], [ 50.791209268000159, 25.530743959000176 ], [ 50.79012043400013, 25.527999525000098 ], [ 50.784484424000084, 25.527253697000049 ], [ 50.783138528000109, 25.52381397400012 ], [ 50.778395439000121, 25.520369335000112 ], [ 50.775560970000186, 25.520582686000068 ], [ 50.773570254000163, 25.517643606000092 ], [ 50.771898564000026, 25.519238323000138 ], [ 50.77089963700007, 25.518530873000032 ], [ 50.773163974999989, 25.517723193 ], [ 50.772703482, 25.516529304000073 ], [ 50.765096210000138, 25.510177861000102 ], [ 50.759487274000037, 25.503446095000186 ], [ 50.757639564999977, 25.503414370000144 ], [ 50.758215458000109, 25.499090036000098 ], [ 50.760289270000101, 25.500917334000121 ], [ 50.762286907000146, 25.500867690000121 ], [ 50.766073335000044, 25.497887332000062 ], [ 50.770629148000182, 25.487909913000067 ], [ 50.765277662000017, 25.477083725000114 ], [ 50.765989343000058, 25.47502671 ], [ 50.762816242000156, 25.468454984 ], [ 50.762115634000054, 25.45953843500007 ], [ 50.756328618000168, 25.442175440000085 ], [ 50.755948021, 25.438813931000027 ], [ 50.757727285000158, 25.436471073000178 ], [ 50.756209499000136, 25.435673176000137 ], [ 50.758016901000133, 25.43499252200013 ], [ 50.757879467000123, 25.433088031000011 ], [ 50.751033063000136, 25.422438124 ], [ 50.749973555000054, 25.422369744000036 ], [ 50.751905082000064, 25.419175196000026 ], [ 50.756382033000023, 25.419081172000062 ], [ 50.759610845000054, 25.414898342000015 ], [ 50.759042127000043, 25.408835413000133 ], [ 50.754812106000088, 25.401776198 ], [ 50.757511061, 25.401531198000157 ], [ 50.762708214000099, 25.396379673000183 ], [ 50.76392553800008, 25.393025830000056 ], [ 50.760818268000037, 25.386106820000066 ], [ 50.760587289000171, 25.382425311000191 ], [ 50.763719093000134, 25.36759569000003 ], [ 50.762601055000175, 25.363011436000136 ], [ 50.764233859000115, 25.36236392700016 ], [ 50.764507673000026, 25.360237201000018 ], [ 50.76204761300005, 25.357525535000036 ], [ 50.76358714800017, 25.355821049000042 ], [ 50.76050796100003, 25.351068597000108 ], [ 50.762004759000035, 25.350700446000133 ], [ 50.760512713000026, 25.350630740000042 ], [ 50.76294832300016, 25.350384593000172 ], [ 50.764125956000157, 25.350902681000036 ], [ 50.76616993500005, 25.348863033000043 ], [ 50.767522659000065, 25.341178937 ], [ 50.765870699000175, 25.334314994000067 ], [ 50.76769048, 25.330892409000114 ], [ 50.766615694000109, 25.323950742000193 ], [ 50.769336918000192, 25.315531843000031 ], [ 50.76906149600012, 25.307042459000115 ], [ 50.770576389000155, 25.300464215000147 ], [ 50.768798338000181, 25.293844888000024 ], [ 50.767541099000027, 25.292460662000053 ], [ 50.766170038000155, 25.292762687000106 ], [ 50.764731418000167, 25.292551796000112 ], [ 50.766729430000055, 25.292143797000051 ], [ 50.764176202000044, 25.291204956000058 ], [ 50.765087766000136, 25.290207319000046 ], [ 50.764505015000168, 25.289344875999973 ], [ 50.763865883000051, 25.290379174000122 ], [ 50.764209186000073, 25.288837056999967 ], [ 50.762744850000104, 25.289255972000092 ], [ 50.764601445000153, 25.288441916000068 ], [ 50.764005978000171, 25.278170186000182 ], [ 50.765166409000187, 25.271976647000088 ], [ 50.762147392000031, 25.266276205000054 ], [ 50.763779584000076, 25.262429696000027 ], [ 50.763810998, 25.246385305000103 ], [ 50.76560716900002, 25.239828226000157 ], [ 50.761994589000096, 25.238862833000098 ], [ 50.765876914000046, 25.239007309000158 ], [ 50.76747919200011, 25.235698880000086 ], [ 50.764532579000104, 25.215899304000175 ], [ 50.766618174000087, 25.211867789000109 ], [ 50.76512351000008, 25.209959815000161 ], [ 50.765295744000127, 25.20937274 ], [ 50.767342672000041, 25.210640773000023 ], [ 50.76780834300007, 25.209557407000091 ], [ 50.76633007900017, 25.209475055000041 ], [ 50.766425030000107, 25.209160944000075 ], [ 50.768208692000087, 25.209417856000186 ], [ 50.768988454000123, 25.207996214000161 ], [ 50.765606812000101, 25.200098194000191 ], [ 50.76715171900014, 25.197198466000089 ], [ 50.766941446000033, 25.1919820600001 ], [ 50.768040473000099, 25.189575470000136 ], [ 50.767102011000077, 25.183624959000099 ], [ 50.768838575000075, 25.183478598000136 ], [ 50.769546781000031, 25.17914636900008 ], [ 50.770947123999974, 25.178223348000188 ], [ 50.770878307000089, 25.175281887000097 ], [ 50.773181406000106, 25.172005509000087 ], [ 50.77528669600008, 25.162291805000166 ], [ 50.774991121000028, 25.159979723000163 ], [ 50.771769443000096, 25.159708863000105 ], [ 50.771610157000055, 25.159487222000166 ], [ 50.774531019000165, 25.159760852999966 ], [ 50.77629695800016, 25.158242523000126 ], [ 50.775396724000075, 25.156735857000172 ], [ 50.77632080799998, 25.156560883000054 ], [ 50.776581531000147, 25.153561160000152 ], [ 50.774534679999988, 25.148207098000171 ], [ 50.776121756000066, 25.144107198000029 ], [ 50.774292392, 25.137092236000115 ], [ 50.774863254000195, 25.133331765000094 ], [ 50.77142428600007, 25.118053448000126 ], [ 50.772195061000161, 25.110625483000035 ], [ 50.77429074700018, 25.106476748000091 ], [ 50.785771733000104, 25.098921638000036 ], [ 50.795737431000077, 25.090319747000024 ], [ 50.79822646000008, 25.08399354400018 ], [ 50.791585817000112, 25.082079530000101 ], [ 50.791767471000071, 25.080937557000027 ], [ 50.791917811000076, 25.08187201700008 ], [ 50.798452804000135, 25.083768783000153 ], [ 50.800289549000126, 25.081353986000124 ], [ 50.997657092999987, 25.08177648800006 ], [ 51.017535381000187, 25.091960171000039 ], [ 51.018279522000057, 25.171347842999978 ], [ 51.09054593500008, 25.157821676000026 ], [ 51.106181008000078, 25.15350111000015 ], [ 51.148689596000111, 25.134445337000045 ], [ 51.153403295000089, 25.129947048000076 ], [ 51.168440829000133, 25.107999663000044 ], [ 51.197581696000157, 25.124181992000047 ], [ 51.328151236000053, 25.171971687000109 ], [ 51.325606090000178, 25.178652693000117 ], [ 51.324506936000148, 25.19148549900018 ], [ 51.307410179000158, 25.230313497000054 ], [ 51.301371845000062, 25.247469313000067 ], [ 51.284438711, 25.281531288999986 ], [ 51.274772203000111, 25.296054848999972 ], [ 51.272275039000078, 25.303093233000027 ], [ 51.312345743000151, 25.303072695000139 ], [ 51.315970032000109, 25.30643589500005 ], [ 51.316230101000031, 25.349995688000035 ], [ 51.315229294000062, 25.35037610500018 ], [ 51.316236307000167, 25.350252687000079 ], [ 51.316296869000041, 25.352760843000169 ], [ 51.316037901000129, 25.389524008000024 ], [ 51.27019043700011, 25.394632031000128 ], [ 51.266355716000135, 25.397878553 ], [ 51.266364535999969, 25.419424732000095 ], [ 51.265056273000027, 25.422151053000164 ], [ 51.266464202000066, 25.423523110000076 ], [ 51.26647341600011, 25.459131820000096 ], [ 51.269281768000155, 25.459124687000099 ], [ 51.269273366000164, 25.469287045000044 ], [ 51.273276160000023, 25.487805563000165 ], [ 51.266393329000152, 25.489505151000117 ], [ 51.266420494000158, 25.555404371000066 ], [ 51.259267296000189, 25.562153606000152 ], [ 51.264466871000081, 25.565387515999987 ], [ 51.259246351000172, 25.563764375000062 ], [ 51.255500937000079, 25.573841257000026 ], [ 51.266428115000167, 25.573850009000068 ], [ 51.266433074000133, 25.585843534000048 ], [ 51.243705173000194, 25.619520647000172 ], [ 51.259896878000063, 25.672258933000137 ], [ 51.260978575000138, 25.69749627200008 ], [ 51.273435268000071, 25.713811112000144 ], [ 51.259285672000146, 25.713815936000174 ], [ 51.261929419000126, 25.712328236000189 ], [ 51.254041717000121, 25.700823294000031 ], [ 51.230827132000172, 25.713821478000114 ], [ 51.117027675000031, 25.713788113000078 ], [ 51.116978732000177, 25.772460197000044 ], [ 50.977794147, 25.772298300000045 ], [ 50.969464483000024, 25.769907955000065 ], [ 50.970582956000158, 25.767957250000052 ], [ 50.969188718000055, 25.766329149000114 ], [ 50.972729859000026, 25.764759522000134 ], [ 50.971612994000111, 25.760715086000175 ], [ 50.969540978000055, 25.759804005000035 ], [ 50.969823157000064, 25.761185732000058 ], [ 50.968127502000186, 25.761153656000033 ], [ 50.967301771000166, 25.762784896000028 ], [ 50.961709566000138, 25.764132907000089 ], [ 50.957781128000136, 25.762650228000098 ], [ 50.960995889000117, 25.76097975100015 ], [ 50.958594910000159, 25.757715635000068 ], [ 50.956423268000037, 25.759116225000128 ], [ 50.953569824000056, 25.756711976000076 ], [ 50.951544067000043, 25.759001081 ], [ 50.95289523100007, 25.759684109000034 ], [ 50.950776848000032, 25.759480763000113 ], [ 50.949569173000043, 25.756435452000119 ], [ 50.951076732000161, 25.75579888700014 ], [ 50.95173664400005, 25.752004834000161 ], [ 50.95276049500012, 25.754580630000135 ], [ 50.958995903000186, 25.753073527000026 ], [ 50.9629602710001, 25.753895403000172 ], [ 50.963348067000084, 25.752484572000071 ], [ 50.96143776100007, 25.750762974999986 ], [ 50.95423127100014, 25.749450713000158 ], [ 50.950751350000075, 25.749996917000033 ], [ 50.950712319000161, 25.752807726000185 ], [ 50.949705846000086, 25.754616456000065 ], [ 50.946219589000179, 25.754042767000101 ], [ 50.946653882000135, 25.75219872700012 ], [ 50.949619840000082, 25.753091394000023 ], [ 50.950468127000192, 25.750817162000146 ], [ 50.948196367000151, 25.751269467000157 ], [ 50.946356880999986, 25.750020418000133 ], [ 50.947780794000153, 25.748520435999978 ], [ 50.945877410000037, 25.748721556000135 ], [ 50.939423385999987, 25.745093131000033 ], [ 50.940502240000114, 25.740394319000075 ], [ 50.935782385000095, 25.738688109000122 ], [ 50.930994004000127, 25.742642037000053 ], [ 50.928692280000121, 25.742403666000143 ], [ 50.922596399000156, 25.746638828000073 ], [ 50.923540681000077, 25.747349522000093 ], [ 50.92286245400004, 25.749030587 ], [ 50.925566973000059, 25.747088507000058 ], [ 50.927391362000094, 25.748441022000179 ], [ 50.927516525999977, 25.745982278000099 ], [ 50.92889162299997, 25.74493625000008 ], [ 50.930001609000158, 25.747907425000164 ], [ 50.933385311, 25.749736533000146 ], [ 50.933084640000118, 25.752742590000082 ], [ 50.931315280000092, 25.752223283000035 ], [ 50.929332190000139, 25.753942515000176 ], [ 50.928873090000138, 25.752342662000046 ], [ 50.931095285000083, 25.750994700999968 ], [ 50.928817643000116, 25.750221492000037 ], [ 50.929034061000038, 25.751236542000186 ], [ 50.924452200000133, 25.753866514000038 ], [ 50.927065670000161, 25.754569448999973 ], [ 50.929247581000141, 25.759258402000114 ], [ 50.934493131000181, 25.759029608000162 ], [ 50.935551136000072, 25.761275699000123 ], [ 50.939693629000089, 25.762006311000164 ], [ 50.939263342000061, 25.763453948000119 ], [ 50.942143824000027, 25.764854980000052 ], [ 50.946641083000088, 25.766355068 ], [ 50.946236544000101, 25.765623500000061 ], [ 50.949573020000116, 25.765755853000087 ], [ 50.952218519000041, 25.767619977000152 ], [ 50.95288835600013, 25.76658006100007 ], [ 50.954919651000068, 25.767427055000155 ], [ 50.95386849900018, 25.766419070000154 ], [ 50.954739164000159, 25.766427905000114 ], [ 50.955336900000077, 25.767979760000173 ], [ 50.953498613000079, 25.76943639600006 ], [ 50.956080101000168, 25.768970115000116 ], [ 50.955955255000163, 25.765215478000073 ], [ 50.956282642000133, 25.770088478 ], [ 50.955517714000109, 25.77115554400018 ], [ 50.961670014000049, 25.780397771000082 ], [ 50.95954523600011, 25.783140445000186 ], [ 50.959558842000149, 25.786332142000049 ], [ 50.954945381000073, 25.790625430000148 ], [ 50.954346054000155, 25.793827351000118 ], [ 50.949023427000043, 25.798061804000099 ], [ 50.948165299000095, 25.80185249200008 ], [ 50.943509626000036, 25.80249046900019 ], [ 50.94128960200004, 25.806774013000052 ], [ 50.934658798000157, 25.807563446000074 ] ] ], [ [ [ 50.815878986000143, 25.547715570000094 ], [ 50.816726791000178, 25.547836262000146 ], [ 50.816692245000183, 25.548058240000046 ], [ 50.815878986000143, 25.547715570000094 ] ] ], [ [ [ 50.73354259000007, 25.561122540000099 ], [ 50.735598113000094, 25.557185291 ], [ 50.739065310000171, 25.555961038000078 ], [ 50.738988511000116, 25.557341295000128 ], [ 50.734553222000045, 25.559293562000107 ], [ 50.73354259000007, 25.561122540000099 ] ] ], [ [ [ 50.810500096000055, 25.577868572000114 ], [ 50.810807475000161, 25.578329878000091 ], [ 50.810325260000127, 25.578293498999983 ], [ 50.810500096000055, 25.577868572000114 ] ] ], [ [ [ 50.808295668000085, 25.581936216000031 ], [ 50.808803056000158, 25.58194956400007 ], [ 50.808616154000106, 25.582489191000036 ], [ 50.808295668000085, 25.581936216000031 ] ] ], [ [ [ 50.809437711000157, 25.585256771000047 ], [ 50.809566183000129, 25.585657564000087 ], [ 50.809174142000131, 25.585636189000184 ], [ 50.809437711000157, 25.585256771000047 ] ] ], [ [ [ 50.812397467000096, 25.585508705000109 ], [ 50.812626798000167, 25.585851769999977 ], [ 50.812411461000181, 25.585772363999979 ], [ 50.812397467000096, 25.585508705000109 ] ] ], [ [ [ 50.920652097000186, 25.596449531000133 ], [ 50.921265840999979, 25.597581696000134 ], [ 50.920634165000138, 25.597676470000124 ], [ 50.920652097000186, 25.596449531000133 ] ] ], [ [ [ 50.929900021000094, 25.613902551000024 ], [ 50.930019690000165, 25.614865109000107 ], [ 50.92966538800016, 25.614832414000148 ], [ 50.929900021000094, 25.613902551000024 ] ] ], [ [ [ 50.932595620000143, 25.614222128000108 ], [ 50.933285255000101, 25.615330965000112 ], [ 50.933007588000123, 25.615412686000184 ], [ 50.932595620000143, 25.614222128000108 ] ] ], [ [ [ 50.819896274000143, 25.620093817000168 ], [ 50.820115655000109, 25.620952878000139 ], [ 50.819519366000065, 25.620576912000104 ], [ 50.819896274000143, 25.620093817000168 ] ] ], [ [ [ 50.925900985000169, 25.617613653000149 ], [ 50.919487441000115, 25.62156537400017 ], [ 50.921236963000069, 25.618048560000148 ], [ 50.924090130000195, 25.617221039000185 ], [ 50.925737874999982, 25.613647232000119 ], [ 50.929085674000135, 25.61308089500011 ], [ 50.926854190000086, 25.614215263000176 ], [ 50.925900985000169, 25.617613653000149 ] ] ], [ [ [ 50.815072262000172, 25.62146616400014 ], [ 50.815316183000164, 25.622176064000087 ], [ 50.815113728000028, 25.62222288800001 ], [ 50.815072262000172, 25.62146616400014 ] ] ], [ [ [ 50.815052377000029, 25.622521090000191 ], [ 50.815331920000176, 25.622692639000093 ], [ 50.815168119000191, 25.622898995000128 ], [ 50.815052377000029, 25.622521090000191 ] ] ], [ [ [ 50.958136413000148, 25.763921209000159 ], [ 50.958678529000053, 25.765546698000094 ], [ 50.95749062200008, 25.76591949900012 ], [ 50.956734822000101, 25.764524403000166 ], [ 50.958136413000148, 25.763921209000159 ] ] ] ] } },
{ "type": "Feature", "properties": { "adm1_name": "Al Wakra Municipality", "adm1_pcode": "QAT005" }, "geometry": { "type": "MultiPolygon", "coordinates": [ [ [ [ 51.5975111300001, 25.191425743000025 ], [ 51.583145752000064, 25.218316152000114 ], [ 51.519784170999969, 25.195044596 ], [ 51.500572717000068, 25.178654993000123 ], [ 51.490320217000033, 25.172098241000072 ], [ 51.445755467000083, 25.154854919000172 ], [ 51.380024112000171, 25.126414185000101 ], [ 51.412246558000163, 25.096563269000058 ], [ 51.368455925000035, 25.101998207000179 ], [ 51.36299265700012, 25.101039893000063 ], [ 51.358987735000028, 25.09878287500004 ], [ 51.363114779000057, 25.078706290000071 ], [ 51.341040836000047, 25.079882760000032 ], [ 51.335333879000075, 25.073826634000056 ], [ 51.314635653000096, 25.083212182000182 ], [ 51.21666666700014, 25.108749149000062 ], [ 51.21666666700014, 25.058685984000192 ], [ 51.222780527999987, 25.058685858 ], [ 51.222779157000161, 25.031047998000133 ], [ 51.21666666700014, 25.031048123000062 ], [ 51.21666666700014, 24.991664512000057 ], [ 51.171098843000152, 24.991657534000012 ], [ 51.164642484000183, 25.003337564000105 ], [ 51.153525427000091, 24.998796089000109 ], [ 51.157530724000083, 24.991652760000136 ], [ 51.156657511000049, 24.991652410000142 ], [ 51.15015883500007, 25.001815614000122 ], [ 51.147231058000045, 25.003887590000147 ], [ 51.13293209800014, 24.991640951000136 ], [ 51.117617714000119, 24.991631545000075 ], [ 51.117675474000066, 24.919411992 ], [ 51.097877267000058, 24.919397534000041 ], [ 51.097911823000061, 24.883287518000145 ], [ 51.088015605000123, 24.883279317000074 ], [ 51.088052968000113, 24.847169143000144 ], [ 51.097946312000147, 24.847177330000022 ], [ 51.097965253000041, 24.827316646000043 ], [ 51.117748796000114, 24.827331043000072 ], [ 51.118021123000176, 24.503119757000036 ], [ 51.115305794000108, 24.500965434000022 ], [ 51.117244747000086, 24.498919128000182 ], [ 51.118024198000171, 24.499537542000041 ], [ 51.118030862000182, 24.491774099000111 ], [ 51.124117713000146, 24.474631788000067 ], [ 51.301586433000068, 24.504604045000065 ], [ 51.298354541000151, 24.510395491 ], [ 51.296111385000188, 24.519944703000192 ], [ 51.29914121600018, 24.523049216000118 ], [ 51.299900180000066, 24.526015427000118 ], [ 51.301449615000081, 24.526153450000095 ], [ 51.302491960000111, 24.534445308000102 ], [ 51.301682456000094, 24.544986789000063 ], [ 51.303542209000057, 24.547521931 ], [ 51.301439200000061, 24.550888429000054 ], [ 51.300222399000177, 24.558710651000126 ], [ 51.301248495000152, 24.562297407000074 ], [ 51.300377136000122, 24.570282242000189 ], [ 51.305858866000165, 24.584608220000177 ], [ 51.308648775000165, 24.588017119000028 ], [ 51.318017867000151, 24.59477679400004 ], [ 51.317769139000177, 24.59889903800007 ], [ 51.320302238000068, 24.602352059000054 ], [ 51.319653407000146, 24.605439947000093 ], [ 51.319423645000143, 24.603889305000052 ], [ 51.318141304000164, 24.606824983000138 ], [ 51.313844425000184, 24.608950496000034 ], [ 51.31387491400011, 24.60831880600017 ], [ 51.313351953000108, 24.6081926170001 ], [ 51.313475005000157, 24.60909955000011 ], [ 51.312258088000078, 24.609193992000087 ], [ 51.311718929000165, 24.607457886000191 ], [ 51.305229471000018, 24.609255141000119 ], [ 51.303733043000193, 24.607931598000107 ], [ 51.304302170000142, 24.606673577000038 ], [ 51.300529433000179, 24.604998654000099 ], [ 51.300039015000095, 24.606036004000146 ], [ 51.298798789000159, 24.602142989000129 ], [ 51.295701340000107, 24.599356441000168 ], [ 51.293284749000065, 24.600862385000084 ], [ 51.290933947000099, 24.605106387000035 ], [ 51.288655615000039, 24.601207026000054 ], [ 51.287511115000029, 24.604026100000112 ], [ 51.285943180000061, 24.604568367000127 ], [ 51.286221641000111, 24.606941576999986 ], [ 51.285825935000048, 24.608413872000028 ], [ 51.284454229000062, 24.609166066000114 ], [ 51.285943061000125, 24.605731835000086 ], [ 51.284347809000167, 24.602535139000111 ], [ 51.283765288000154, 24.605494142000055 ], [ 51.280904818000124, 24.606475339000156 ], [ 51.280815910000058, 24.609535827000059 ], [ 51.282691201000034, 24.612843162000047 ], [ 51.284164978000035, 24.613202783000077 ], [ 51.284330864000083, 24.611456800000099 ], [ 51.28490014900018, 24.612141388000111 ], [ 51.283793375000073, 24.614810749000071 ], [ 51.285604264000085, 24.614326939000023 ], [ 51.286702160000175, 24.61178593600016 ], [ 51.286930045000076, 24.615507144000048 ], [ 51.282466895000141, 24.619715442000086 ], [ 51.278118410000104, 24.611235320999981 ], [ 51.276051045000031, 24.610622400000182 ], [ 51.268927993000091, 24.617407084000035 ], [ 51.267250273000172, 24.615344650000111 ], [ 51.260413461999974, 24.61423222600007 ], [ 51.255561034000152, 24.611865431000069 ], [ 51.246478019999984, 24.614779986000087 ], [ 51.24055985300015, 24.611773217000064 ], [ 51.23554239200007, 24.61281128700017 ], [ 51.235491357, 24.61411596500011 ], [ 51.233743913000012, 24.613805985000056 ], [ 51.232007939000084, 24.616390255 ], [ 51.230672133000041, 24.615970030000142 ], [ 51.230438889000141, 24.613676268000063 ], [ 51.227925480000067, 24.614389390000099 ], [ 51.223104141000078, 24.619748147 ], [ 51.222087551000129, 24.618675703000122 ], [ 51.222230203000038, 24.6205389590001 ], [ 51.221711708000043, 24.619687821000184 ], [ 51.219768319000082, 24.621634507000124 ], [ 51.219175061000044, 24.623898543000053 ], [ 51.221837766000192, 24.62686468600009 ], [ 51.221630429000129, 24.628337217000137 ], [ 51.216947940000068, 24.629033581000044 ], [ 51.215716837000059, 24.626990178000142 ], [ 51.215427793000117, 24.628376800000126 ], [ 51.216669206000063, 24.631460828000058 ], [ 51.218926669999973, 24.632290949000094 ], [ 51.218610242000125, 24.63428525900008 ], [ 51.223470003000102, 24.63668621700009 ], [ 51.220950129000187, 24.639154856000175 ], [ 51.221583587000168, 24.641717191000168 ], [ 51.224414295000088, 24.641464581000037 ], [ 51.22678249, 24.64528927200007 ], [ 51.227667651000161, 24.644135200000164 ], [ 51.226728152000135, 24.643292861000191 ], [ 51.22844080200008, 24.64355129300003 ], [ 51.228972709000118, 24.641194850000034 ], [ 51.227488543999982, 24.639645561000179 ], [ 51.232285412000067, 24.637698502000092 ], [ 51.233830003000037, 24.638472616000058 ], [ 51.233103714000094, 24.64177166800016 ], [ 51.235849461000157, 24.64011895900012 ], [ 51.236063878000039, 24.641513733000068 ], [ 51.238252251000176, 24.641350934000172 ], [ 51.241891187000192, 24.647488735000081 ], [ 51.252147133000051, 24.648369829000103 ], [ 51.258691360000171, 24.645072135000134 ], [ 51.260649647000093, 24.649745589000077 ], [ 51.2636006460001, 24.651466050000067 ], [ 51.266435959000148, 24.650803706000147 ], [ 51.266952030000084, 24.652614317000143 ], [ 51.270241051000028, 24.654699591 ], [ 51.273994802000175, 24.653572888000156 ], [ 51.273289517000194, 24.652999049000186 ], [ 51.27602218800007, 24.650157327000045 ], [ 51.274661271000184, 24.653523268000129 ], [ 51.277447967000171, 24.652239222999981 ], [ 51.275887478000129, 24.651147056000127 ], [ 51.277187221000077, 24.651157118000071 ], [ 51.276509505000149, 24.645984021000061 ], [ 51.278293107000081, 24.645744063000109 ], [ 51.278618444000131, 24.643048986000167 ], [ 51.279877768000063, 24.645066607000047 ], [ 51.27820468300007, 24.646648299000162 ], [ 51.279714730000023, 24.645888063000143 ], [ 51.280624958000033, 24.643815792000169 ], [ 51.280344550000109, 24.645818681000094 ], [ 51.28247841100017, 24.644835415999978 ], [ 51.283893559000035, 24.646808644000032 ], [ 51.28406074600008, 24.65308403500012 ], [ 51.285098573000084, 24.652219856000102 ], [ 51.283334407000154, 24.659483383000065 ], [ 51.284801703000028, 24.659793201000127 ], [ 51.28527139900018, 24.656850344000077 ], [ 51.284209776000182, 24.655947619000074 ], [ 51.284604863000084, 24.655432711000117 ], [ 51.285934282000028, 24.656562703000134 ], [ 51.287040707000187, 24.654991484000107 ], [ 51.28745502400011, 24.656405695000103 ], [ 51.285932678000108, 24.657469150000111 ], [ 51.28585273900012, 24.660562766000112 ], [ 51.284329385000035, 24.662349133000191 ], [ 51.284733927000104, 24.664875319000146 ], [ 51.288301720000163, 24.662427838000042 ], [ 51.288614423000183, 24.660603647000187 ], [ 51.291621385000155, 24.659189035000054 ], [ 51.29181612400015, 24.662940137000078 ], [ 51.286926503000188, 24.669541828000149 ], [ 51.290935696000133, 24.671632371000044 ], [ 51.290123749000031, 24.672892852000132 ], [ 51.291900030000193, 24.672125604000087 ], [ 51.293224576000171, 24.669017964000147 ], [ 51.293766308000045, 24.660823112000116 ], [ 51.295642764000036, 24.657594415000062 ], [ 51.29437614200009, 24.65574564700006 ], [ 51.294720573000063, 24.652468371000111 ], [ 51.290928142000041, 24.6453607360001 ], [ 51.289119877000076, 24.637589647000084 ], [ 51.289654796000036, 24.635466718000032 ], [ 51.291539525000132, 24.636995721000119 ], [ 51.28990380100015, 24.635138209000104 ], [ 51.29209030100003, 24.636534042000051 ], [ 51.293814521000058, 24.647345973000142 ], [ 51.297023606000096, 24.650085789000173 ], [ 51.301291960000128, 24.648079549999977 ], [ 51.300300670000183, 24.642410484999971 ], [ 51.301405245000183, 24.644022887000176 ], [ 51.303743211000153, 24.639036780000026 ], [ 51.305171826000162, 24.639471963000062 ], [ 51.306405619000031, 24.634321690000149 ], [ 51.307376434000105, 24.637497643000131 ], [ 51.307672153000169, 24.635994889000131 ], [ 51.30894728300018, 24.637654810000072 ], [ 51.307268251000153, 24.64290325800016 ], [ 51.308909005000032, 24.640875233000145 ], [ 51.310346635000144, 24.641809717 ], [ 51.309935731000053, 24.642268135000108 ], [ 51.310120180000126, 24.643705132999969 ], [ 51.311213141000053, 24.644350788000054 ], [ 51.311673926000083, 24.643891063000126 ], [ 51.311156213000118, 24.643832148000115 ], [ 51.310263014000043, 24.643054337000137 ], [ 51.310236244000123, 24.642653599000027 ], [ 51.311350066000102, 24.643768967000142 ], [ 51.313494196000079, 24.643129307000152 ], [ 51.314037838000104, 24.64180454600006 ], [ 51.312736033000135, 24.640265714000066 ], [ 51.316543178000074, 24.63729335700009 ], [ 51.317612146000045, 24.639452552000137 ], [ 51.315983548000133, 24.641699733000166 ], [ 51.316364459000113, 24.643741043000148 ], [ 51.321476830000108, 24.635745535000069 ], [ 51.322565679000036, 24.638907059000189 ], [ 51.323271781000187, 24.637502308000023 ], [ 51.324324583000077, 24.636461380000071 ], [ 51.32256141900001, 24.641915018000134 ], [ 51.325303200000121, 24.64346796000018 ], [ 51.328106811000055, 24.641791111000089 ], [ 51.327614863000179, 24.644643699000028 ], [ 51.332757391000086, 24.639408759000162 ], [ 51.331800265000084, 24.640687357000047 ], [ 51.332517443000086, 24.642345101000103 ], [ 51.334671985, 24.6389153880001 ], [ 51.33229631200004, 24.644531413000152 ], [ 51.334179156000175, 24.644329372000016 ], [ 51.334120540000129, 24.643163131999984 ], [ 51.336610525000026, 24.644256214000052 ], [ 51.335137068000051, 24.643167697000138 ], [ 51.336590768000065, 24.640447472 ], [ 51.337559430000113, 24.647151551000036 ], [ 51.341377357000056, 24.652068167000039 ], [ 51.343824782000183, 24.651973436000105 ], [ 51.344915472000139, 24.656537619 ], [ 51.347579971000073, 24.651283964000129 ], [ 51.343689633000054, 24.648712542000169 ], [ 51.343930145000058, 24.645965201000138 ], [ 51.345756364000124, 24.643908263000128 ], [ 51.344119774000035, 24.642969917000073 ], [ 51.34393688, 24.64270911400007 ], [ 51.345915048000109, 24.641686714000059 ], [ 51.344802629000128, 24.637842236000097 ], [ 51.345701866000013, 24.636288825000122 ], [ 51.344893440000135, 24.628738862000091 ], [ 51.341770780000047, 24.62086963600018 ], [ 51.341954882000152, 24.615234126000189 ], [ 51.34461574200003, 24.614705735000086 ], [ 51.345983525000179, 24.622693508999987 ], [ 51.347118997000166, 24.622478397000123 ], [ 51.347515968000039, 24.619662213000026 ], [ 51.348999085000116, 24.619075792999979 ], [ 51.350328194000042, 24.620245133000083 ], [ 51.348011109000083, 24.62864180400004 ], [ 51.350407688000189, 24.625366252000106 ], [ 51.351822445000096, 24.625602112000081 ], [ 51.350961147000078, 24.634255920000044 ], [ 51.352810141000134, 24.633135510000045 ], [ 51.352203482000107, 24.638236222000046 ], [ 51.355250903000069, 24.640908216000128 ], [ 51.357786380000164, 24.637533542000142 ], [ 51.355466436000086, 24.628665009000088 ], [ 51.356631237000101, 24.625966863000144 ], [ 51.355010528000037, 24.62312163100006 ], [ 51.354457171000149, 24.61647538700015 ], [ 51.348910614000147, 24.611227281000026 ], [ 51.345756778000123, 24.603237678000028 ], [ 51.344475543000101, 24.603885257000059 ], [ 51.345080452000161, 24.607686738000098 ], [ 51.347658775000014, 24.61031402500015 ], [ 51.346379261000038, 24.615677536000078 ], [ 51.343369426000152, 24.613260923999974 ], [ 51.34054788300017, 24.608120778000114 ], [ 51.340908060000061, 24.603616279 ], [ 51.338366290000067, 24.605142369000191 ], [ 51.333561685000177, 24.605056602000104 ], [ 51.334696114000167, 24.606696956000121 ], [ 51.328980350000109, 24.609061286000156 ], [ 51.327569321000169, 24.607597688 ], [ 51.327576456000088, 24.604490615000088 ], [ 51.329296520000128, 24.605439729000068 ], [ 51.326196824000192, 24.59991710200012 ], [ 51.327218146000121, 24.595705554000176 ], [ 51.331001533000062, 24.592566668000131 ], [ 51.331692242000145, 24.581322751000187 ], [ 51.33634168500015, 24.578156538000144 ], [ 51.338823301000161, 24.574117528999977 ], [ 51.338139458000114, 24.565920875000188 ], [ 51.335480145000076, 24.557622670000057 ], [ 51.336520821000079, 24.558119230000102 ], [ 51.337965123000174, 24.555794368000136 ], [ 51.347846405000098, 24.563756058000024 ], [ 51.35721233400011, 24.573593252000023 ], [ 51.373695075000114, 24.580892366 ], [ 51.375917025000092, 24.588845034000087 ], [ 51.374888531000067, 24.59269673600005 ], [ 51.376657245000047, 24.589393334000135 ], [ 51.378958717000046, 24.589217373000054 ], [ 51.377777822000155, 24.610759316000156 ], [ 51.384553862000189, 24.628048969000076 ], [ 51.385100382000076, 24.63443822500011 ], [ 51.388780779000058, 24.636147086 ], [ 51.389402143000154, 24.633901552 ], [ 51.392901301000109, 24.6339941170001 ], [ 51.392752615000063, 24.641755810000063 ], [ 51.394658629000048, 24.640055913000026 ], [ 51.394078905000185, 24.634218988000157 ], [ 51.406034383000133, 24.63773598 ], [ 51.413606813000172, 24.637716376000185 ], [ 51.418800850000139, 24.639081430000147 ], [ 51.424954080000134, 24.65089535300018 ], [ 51.428160570000045, 24.651762192000035 ], [ 51.427720982000096, 24.650450260000071 ], [ 51.429734907000011, 24.65055363100015 ], [ 51.434919858000114, 24.654917615000102 ], [ 51.440493097000058, 24.670883347000029 ], [ 51.442276539000147, 24.681706929000143 ], [ 51.45406368200014, 24.715890691000027 ], [ 51.480194329000085, 24.753734016000067 ], [ 51.482635315000095, 24.762265467000134 ], [ 51.482020527000032, 24.779650086000174 ], [ 51.491013286000054, 24.797343469000111 ], [ 51.492847361000031, 24.814528881000058 ], [ 51.505054188000088, 24.835750743000062 ], [ 51.513973067000052, 24.856395388000124 ], [ 51.53288760200013, 24.869598641000039 ], [ 51.544461468000122, 24.885271934 ], [ 51.561835040000062, 24.90418624300014 ], [ 51.563916741000071, 24.901780120000069 ], [ 51.562471060000064, 24.905105566000088 ], [ 51.568616324000175, 24.9151116110001 ], [ 51.568692148000196, 24.917413417000148 ], [ 51.5711417, 24.920054693000168 ], [ 51.568937181000138, 24.916555236000079 ], [ 51.571493646000192, 24.919746542000155 ], [ 51.574996726000109, 24.917073415000061 ], [ 51.571579873000132, 24.919916187000069 ], [ 51.571979117000126, 24.921061714000075 ], [ 51.575893104000045, 24.925800739000067 ], [ 51.575579955000137, 24.927056298000139 ], [ 51.580463863000148, 24.934961463000036 ], [ 51.584833909000054, 24.93965398600011 ], [ 51.583801391000065, 24.938690606000137 ], [ 51.582447160000186, 24.939416125000037 ], [ 51.583277557000088, 24.940691869000091 ], [ 51.584083262000036, 24.940260672000193 ], [ 51.588424688000032, 24.945205918999989 ], [ 51.59497052200004, 24.95533617000001 ], [ 51.593360790000077, 24.956739485000071 ], [ 51.594855229000189, 24.959732771000063 ], [ 51.596450898000171, 24.961965883000119 ], [ 51.598556747000032, 24.960851336000189 ], [ 51.602754667000113, 24.967338592000146 ], [ 51.600487905000136, 24.967200953000031 ], [ 51.595924168000067, 24.969641590000094 ], [ 51.594230075000155, 24.967379229000187 ], [ 51.587306825000041, 24.974534491000156 ], [ 51.588686149000125, 24.976196081000182 ], [ 51.597176927000078, 24.982336919000034 ], [ 51.596817408999982, 24.984245565000037 ], [ 51.599351125000055, 24.982170994000057 ], [ 51.601905917000011, 24.983766419000176 ], [ 51.60183104000015, 24.985373154000172 ], [ 51.602822026000069, 24.984396777000143 ], [ 51.602762138000116, 24.986152427999968 ], [ 51.605839748000164, 24.983474227000158 ], [ 51.608149518000175, 24.984694241000057 ], [ 51.61050424400014, 24.990260650000096 ], [ 51.609494408000046, 24.99084735100007 ], [ 51.610936810000055, 24.990553199000033 ], [ 51.611742326000069, 24.993343181000114 ], [ 51.620776097000146, 24.994936131000145 ], [ 51.627167984000096, 25.010577879000095 ], [ 51.628944037000053, 25.020098568000094 ], [ 51.656270146000168, 25.029247883000153 ], [ 51.656829222000056, 25.027962615000035 ], [ 51.661389272000065, 25.030708174999972 ], [ 51.658290427000054, 25.036813774000052 ], [ 51.651884483000117, 25.04288796600008 ], [ 51.633811084000115, 25.051641183000015 ], [ 51.613165786000081, 25.054705618000185 ], [ 51.610897087000012, 25.059864842000025 ], [ 51.60988233900008, 25.071886788000143 ], [ 51.611857232000148, 25.073317567000117 ], [ 51.615271629000119, 25.083549534000042 ], [ 51.620017112000141, 25.089623397000139 ], [ 51.621240795, 25.084319827000115 ], [ 51.615984998000101, 25.073940139000115 ], [ 51.620253439000066, 25.07857509400003 ], [ 51.621754772000031, 25.084175425000069 ], [ 51.620672483000078, 25.090429110000116 ], [ 51.621796342000096, 25.091389242000162 ], [ 51.618502599000124, 25.100298521000013 ], [ 51.620502422000129, 25.116421314999968 ], [ 51.618562225000062, 25.136468379000121 ], [ 51.620726995000155, 25.14030807600011 ], [ 51.621408446000146, 25.145533620000094 ], [ 51.613146229000165, 25.157362662000082 ], [ 51.611273441000094, 25.161987964000161 ], [ 51.621187743000064, 25.155807730000049 ], [ 51.626140777999979, 25.161310310000033 ], [ 51.611752601000092, 25.169601005000061 ], [ 51.616226803000131, 25.177995335000048 ], [ 51.617620825000188, 25.177854233000119 ], [ 51.616393395000046, 25.178608805000181 ], [ 51.616948812000089, 25.182185959000037 ], [ 51.617608653000048, 25.184440372000154 ], [ 51.618541980000089, 25.1846907420001 ], [ 51.617691758000092, 25.182553063000057 ], [ 51.618667475999985, 25.18363403900014 ], [ 51.620080058000156, 25.192784117000144 ], [ 51.607065527000088, 25.194745369000032 ], [ 51.5975111300001, 25.191425743000025 ] ] ], [ [ [ 51.442588874000137, 24.528134185999988 ], [ 51.436920650000104, 24.527863062000108 ], [ 51.43862134800014, 24.525113714000042 ], [ 51.437477485000102, 24.522561435000171 ], [ 51.438709257000085, 24.521041570000079 ], [ 51.439815176000195, 24.52353666900018 ], [ 51.442884854000113, 24.525299757000028 ], [ 51.442588874000137, 24.528134185999988 ] ] ], [ [ [ 51.335938877000046, 24.546925246000114 ], [ 51.335868584000195, 24.547854574000098 ], [ 51.335641973000179, 24.547683457000062 ], [ 51.335938877000046, 24.546925246000114 ] ] ], [ [ [ 51.338009805000127, 24.549669466000182 ], [ 51.337334241, 24.549958976000141 ], [ 51.337395778000086, 24.549740802000031 ], [ 51.338009805000127, 24.549669466000182 ] ] ], [ [ [ 51.331398064000098, 24.548950937000143 ], [ 51.331842477, 24.550004338000178 ], [ 51.331354919000034, 24.550281588000189 ], [ 51.331398064000098, 24.548950937000143 ] ] ], [ [ [ 51.337059312000122, 24.55013215200006 ], [ 51.336179666000135, 24.549768728 ], [ 51.337032827000144, 24.549868458000105 ], [ 51.337059312000122, 24.55013215200006 ] ] ], [ [ [ 51.335512365000113, 24.553980805000094 ], [ 51.336279674000082, 24.554436452000061 ], [ 51.33546713700008, 24.554910023000048 ], [ 51.335512365000113, 24.553980805000094 ] ] ], [ [ [ 51.337185105000117, 24.554925928000046 ], [ 51.337664277000158, 24.555428626999969 ], [ 51.337024720999977, 24.555419786000073 ], [ 51.337185105000117, 24.554925928000046 ] ] ], [ [ [ 51.485134329000118, 24.554579395000076 ], [ 51.482633755000165, 24.555704629000104 ], [ 51.484151339000107, 24.549950669000054 ], [ 51.485134329000118, 24.554579395000076 ] ] ], [ [ [ 51.348516976000099, 24.558881940000163 ], [ 51.34865862900017, 24.559569528000054 ], [ 51.348320555999976, 24.559662703000186 ], [ 51.348516976000099, 24.558881940000163 ] ] ], [ [ [ 51.367665254000087, 24.572438130000023 ], [ 51.36787010900008, 24.573194236000063 ], [ 51.367656154000031, 24.573057524000149 ], [ 51.367665254000087, 24.572438130000023 ] ] ], [ [ [ 51.368498053000167, 24.573352107000062 ], [ 51.368826346000048, 24.573752127000148 ], [ 51.368310959000155, 24.573536428000125 ], [ 51.368498053000167, 24.573352107000062 ] ] ], [ [ [ 51.383346116000098, 24.584263794000094 ], [ 51.383711334999987, 24.584525985000028 ], [ 51.383197694000046, 24.584631475000037 ], [ 51.383346116000098, 24.584263794000094 ] ] ], [ [ [ 51.383723798000062, 24.584514460000037 ], [ 51.384201652000172, 24.584730273000048 ], [ 51.383700744000123, 24.584870121000051 ], [ 51.383723798000062, 24.584514460000037 ] ] ], [ [ [ 51.384055760000194, 24.584919823000121 ], [ 51.384292959000163, 24.585349232 ], [ 51.384079418000169, 24.585292828000149 ], [ 51.384055760000194, 24.584919823000121 ] ] ], [ [ [ 51.394888294000111, 24.597861267000098 ], [ 51.394502695000085, 24.598424998000098 ], [ 51.394262781000123, 24.598150806000149 ], [ 51.394888294000111, 24.597861267000098 ] ] ], [ [ [ 51.395041396000181, 24.59830789199998 ], [ 51.39505665400003, 24.598778072000187 ], [ 51.394691774000194, 24.59858472000019 ], [ 51.395041396000181, 24.59830789199998 ] ] ], [ [ [ 51.396268127000155, 24.600034284 ], [ 51.396671978000086, 24.60045683900006 ], [ 51.396321424, 24.600573112 ], [ 51.396268127000155, 24.600034284 ] ] ], [ [ [ 51.397278389000064, 24.601199628000188 ], [ 51.397844919000022, 24.601552641000183 ], [ 51.39749475900004, 24.601737727 ], [ 51.397278389000064, 24.601199628000188 ] ] ], [ [ [ 51.398022457000195, 24.601884454000185 ], [ 51.398764260000178, 24.602179320000062 ], [ 51.398023916, 24.60213678000008 ], [ 51.398022457000195, 24.601884454000185 ] ] ], [ [ [ 51.397090082000034, 24.605501554000114 ], [ 51.397705266000116, 24.605590544000052 ], [ 51.397555808, 24.605774730000178 ], [ 51.397090082000034, 24.605501554000114 ] ] ], [ [ [ 51.400664928000026, 24.605451023000114 ], [ 51.401456939000127, 24.605745650000074 ], [ 51.400478371000133, 24.605727141000045 ], [ 51.400664928000026, 24.605451023000114 ] ] ], [ [ [ 51.396675994000077, 24.60548047400016 ], [ 51.396592103000103, 24.606157555000152 ], [ 51.396353168000189, 24.606055402000152 ], [ 51.396675994000077, 24.60548047400016 ] ] ], [ [ [ 51.390516414000047, 24.609797638000146 ], [ 51.391551477000178, 24.610905573000082 ], [ 51.391128845000026, 24.61158415500006 ], [ 51.390516414000047, 24.609797638000146 ] ] ], [ [ [ 51.325871420000055, 24.611872396000024 ], [ 51.326427288000048, 24.61261568000009 ], [ 51.325799814, 24.612572324000041 ], [ 51.325871420000055, 24.611872396000024 ] ] ], [ [ [ 51.443435320000049, 24.62281138600008 ], [ 51.444235843000115, 24.6224175750001 ], [ 51.443601878000152, 24.623372592000123 ], [ 51.443435320000049, 24.62281138600008 ] ] ], [ [ [ 51.411512731000073, 24.624028077000105 ], [ 51.41161574500012, 24.624474911000164 ], [ 51.411138249000032, 24.624350936000098 ], [ 51.411512731000073, 24.624028077000105 ] ] ], [ [ [ 51.41651138300017, 24.624911120000093 ], [ 51.41617958900008, 24.626082542 ], [ 51.415842289000011, 24.626324971000088 ], [ 51.41563609100001, 24.62540835100009 ], [ 51.41651138300017, 24.624911120000093 ] ] ], [ [ [ 51.412836366000079, 24.625088652000045 ], [ 51.413110908000078, 24.626956917000143 ], [ 51.411962421000169, 24.625815246000116 ], [ 51.412836366000079, 24.625088652000045 ] ] ], [ [ [ 51.431689658000039, 24.626526138000145 ], [ 51.431456716000127, 24.627421858000162 ], [ 51.431155187000115, 24.627354472000093 ], [ 51.431689658000039, 24.626526138000145 ] ] ], [ [ [ 51.414102464000052, 24.62702116100013 ], [ 51.414269512000033, 24.627685623000048 ], [ 51.413805171000035, 24.627664828000036 ], [ 51.414102464000052, 24.62702116100013 ] ] ], [ [ [ 51.427904278000028, 24.627128936000076 ], [ 51.42833376100009, 24.627608621000093 ], [ 51.42803451900005, 24.627919715000075 ], [ 51.427904278000028, 24.627128936000076 ] ] ], [ [ [ 51.430177630000173, 24.627531128000157 ], [ 51.430594226000153, 24.627953535000188 ], [ 51.430356618000076, 24.628080822000129 ], [ 51.430177630000173, 24.627531128000157 ] ] ], [ [ [ 51.335233021000079, 24.628992814000128 ], [ 51.335938847000023, 24.62959779900018 ], [ 51.335651251000058, 24.629782502000069 ], [ 51.335233021000079, 24.628992814000128 ] ] ], [ [ [ 51.343298570000115, 24.633295099 ], [ 51.343289284999969, 24.633903024000119 ], [ 51.342824810000195, 24.633859070000028 ], [ 51.343298570000115, 24.633295099 ] ] ], [ [ [ 51.342635134000147, 24.638264133000121 ], [ 51.342540303000192, 24.639296778000187 ], [ 51.341106089, 24.638591599000051 ], [ 51.342635134000147, 24.638264133000121 ] ] ], [ [ [ 51.243339051000078, 24.639536632000159 ], [ 51.241795908000029, 24.63958786000012 ], [ 51.24196634000009, 24.638440330000037 ], [ 51.243339051000078, 24.639536632000159 ] ] ], [ [ [ 51.287163783000096, 24.658990712000048 ], [ 51.287846256000137, 24.659963047000133 ], [ 51.287485489000062, 24.660606691999988 ], [ 51.286126353000043, 24.65984335700017 ], [ 51.287163783000096, 24.658990712000048 ] ] ], [ [ [ 51.616005813000129, 24.749261802000092 ], [ 51.617632121000042, 24.751909605000037 ], [ 51.615612104000149, 24.753280695000171 ], [ 51.613346984000145, 24.752927294000131 ], [ 51.612224047000041, 24.750395774000083 ], [ 51.616005813000129, 24.749261802000092 ] ] ], [ [ [ 51.630342283000061, 24.753682254000068 ], [ 51.631976518000045, 24.75437736900011 ], [ 51.632220975999985, 24.756214645000057 ], [ 51.629313513000056, 24.759191046000069 ], [ 51.626056094000091, 24.754928824 ], [ 51.630342283000061, 24.753682254000068 ] ] ], [ [ [ 51.660083953000139, 24.937668253000027 ], [ 51.658255184999973, 24.937371647000191 ], [ 51.662167423000028, 24.936630932000071 ], [ 51.660083953000139, 24.937668253000027 ] ] ], [ [ [ 51.648828543000036, 24.953131100000178 ], [ 51.649041645000068, 24.953850841000133 ], [ 51.648463840000147, 24.953904433000105 ], [ 51.648828543000036, 24.953131100000178 ] ] ], [ [ [ 51.647898530000077, 24.956251813 ], [ 51.643508408000116, 24.959349815 ], [ 51.642698908000114, 24.958316838000087 ], [ 51.643999690000101, 24.958620680000024 ], [ 51.646980173000031, 24.956252591000066 ], [ 51.647898530000077, 24.956251813 ] ] ], [ [ [ 51.647717853000131, 24.962872271000151 ], [ 51.64756657200013, 24.963619825000023 ], [ 51.646979151000153, 24.963857054000187 ], [ 51.647717853000131, 24.962872271000151 ] ] ], [ [ [ 51.62745213900007, 24.964563537000117 ], [ 51.624851814000124, 24.965584246000105 ], [ 51.623066320000191, 24.964873716000113 ], [ 51.62745213900007, 24.964563537000117 ] ] ], [ [ [ 51.621508433000145, 24.967337293000128 ], [ 51.617000393000183, 24.967098370000144 ], [ 51.622583937000115, 24.965384749 ], [ 51.621508433000145, 24.967337293000128 ] ] ], [ [ [ 51.640465561000156, 24.967912320000153 ], [ 51.639971968000054, 24.968503838000061 ], [ 51.63946244300007, 24.968120624000164 ], [ 51.640465561000156, 24.967912320000153 ] ] ], [ [ [ 51.602284688, 24.980710533000092 ], [ 51.599484995000125, 24.981102566000118 ], [ 51.599243029000149, 24.980922200000123 ], [ 51.602284688, 24.980710533000092 ] ] ], [ [ [ 51.612194920000036, 25.072395572000175 ], [ 51.613948642000196, 25.074941770000123 ], [ 51.614133431000084, 25.075466945000187 ], [ 51.612194920000036, 25.072395572000175 ] ] ] ] } },
{ "type": "Feature", "properties": { "adm1_name": "Doha Municipality", "adm1_pcode": "QAT006" }, "geometry": { "type": "MultiPolygon", "coordinates": [ [ [ [ 51.512340692000066, 25.377135916000157 ], [ 51.50109477, 25.376769431000127 ], [ 51.500941329000057, 25.385759655000015 ], [ 51.498202611000124, 25.392262264000124 ], [ 51.448502784000084, 25.364151229000072 ], [ 51.470761806999974, 25.319928066000045 ], [ 51.476433542000052, 25.292822197000021 ], [ 51.497825520000049, 25.263359912000112 ], [ 51.485499852000032, 25.25601733100018 ], [ 51.488941775000171, 25.251438893000056 ], [ 51.491636863000053, 25.253107613000111 ], [ 51.528293088000169, 25.23309748500003 ], [ 51.535867686000188, 25.222255924000137 ], [ 51.541850202000091, 25.203495120000071 ], [ 51.583145752000064, 25.218316152000114 ], [ 51.5975111300001, 25.191425743000025 ], [ 51.607065527000088, 25.194745369000032 ], [ 51.620080058000156, 25.192784117000144 ], [ 51.620473618000062, 25.204897299000152 ], [ 51.621280897000133, 25.205987360000051 ], [ 51.624801074000175, 25.205345796000074 ], [ 51.625297710000041, 25.205506911000157 ], [ 51.620507464000184, 25.206133907000151 ], [ 51.625338844000055, 25.205940093000095 ], [ 51.620310156000187, 25.206477472000074 ], [ 51.620341837000069, 25.20705511400007 ], [ 51.620807447000061, 25.206837194000173 ], [ 51.62540902100011, 25.206156547000091 ], [ 51.625419606000037, 25.206355112000097 ], [ 51.620561125000108, 25.207361433000131 ], [ 51.619959731000051, 25.211542577000046 ], [ 51.617945813000063, 25.211647354000092 ], [ 51.604564713000116, 25.22553049000004 ], [ 51.602131194000094, 25.231621610000047 ], [ 51.602779322000117, 25.235230153000089 ], [ 51.601568706000137, 25.235360096000079 ], [ 51.600457703000131, 25.238648781000165 ], [ 51.600751900000034, 25.242249343000026 ], [ 51.625546421000138, 25.251229486000057 ], [ 51.628428056000075, 25.244636409000179 ], [ 51.634455783000078, 25.246809692000113 ], [ 51.610571987000128, 25.301438923000148 ], [ 51.608437779000099, 25.300660577000031 ], [ 51.606111318000103, 25.305965529000048 ], [ 51.60427213000014, 25.305302384000129 ], [ 51.606598658999985, 25.299997460000156 ], [ 51.589899027000115, 25.294191227000169 ], [ 51.586970234000148, 25.300878480000051 ], [ 51.585121400000105, 25.300206141000103 ], [ 51.588060075000158, 25.293518850000055 ], [ 51.586809238000171, 25.292811846000177 ], [ 51.582184168000083, 25.29354154300006 ], [ 51.581966872000066, 25.29509353900005 ], [ 51.583202489000087, 25.295587847999968 ], [ 51.578970638000158, 25.295263143 ], [ 51.578990020000163, 25.296192039000118 ], [ 51.581384573000093, 25.295679086000064 ], [ 51.582343288000118, 25.296667904000174 ], [ 51.580513588000088, 25.298781308000059 ], [ 51.57898045100012, 25.29916927700009 ], [ 51.577672221000057, 25.299004413000148 ], [ 51.581141829000103, 25.297468407000054 ], [ 51.578647609000143, 25.296975767000163 ], [ 51.578125432000036, 25.2980379010001 ], [ 51.57819052800005, 25.293078898000033 ], [ 51.577034659000105, 25.290985808000073 ], [ 51.572575279000091, 25.292371365 ], [ 51.572691692000035, 25.29418863 ], [ 51.570567064000102, 25.29426595800004 ], [ 51.570153834000166, 25.295575854000049 ], [ 51.56938925500009, 25.295568657999979 ], [ 51.569799538000154, 25.293238727000016 ], [ 51.564866026000175, 25.290433879000147 ], [ 51.563545706000184, 25.291441941000073 ], [ 51.563114747000157, 25.290962856000135 ], [ 51.564881822000075, 25.290134805999969 ], [ 51.562707397000167, 25.288778171999979 ], [ 51.563331140000173, 25.287310434000062 ], [ 51.561436232000062, 25.288700087000052 ], [ 51.559827772000062, 25.288739882000016 ], [ 51.562177643000041, 25.287711869000134 ], [ 51.560522284000115, 25.285790280000072 ], [ 51.555430884000032, 25.285993421000057 ], [ 51.555287932000113, 25.287820479000061 ], [ 51.554245402, 25.287814969000181 ], [ 51.555243511000072, 25.285885735000022 ], [ 51.553578792999986, 25.286055515000044 ], [ 51.553649994000125, 25.287551597000061 ], [ 51.553006333000098, 25.287899277 ], [ 51.553262627000151, 25.286163197000064 ], [ 51.55243985400017, 25.286321473000044 ], [ 51.54805438700015, 25.291418926000176 ], [ 51.549975774000075, 25.292227194000077 ], [ 51.551313844000106, 25.290004970000098 ], [ 51.568149042000016, 25.298382226000058 ], [ 51.56108360900015, 25.311967691000177 ], [ 51.543240870000034, 25.303863899000021 ], [ 51.546506511000132, 25.29723130800005 ], [ 51.540867043, 25.29913656400015 ], [ 51.540042615000175, 25.296831177000115 ], [ 51.541008626000121, 25.295892320000121 ], [ 51.538735700000132, 25.295042232000128 ], [ 51.538785403000077, 25.290824595000117 ], [ 51.534968688000049, 25.290908481000145 ], [ 51.53777070100017, 25.294002048000038 ], [ 51.535534223000184, 25.294932740000149 ], [ 51.532184862000122, 25.294922061000022 ], [ 51.532004272000052, 25.293641404000027 ], [ 51.532650727000032, 25.294554912000137 ], [ 51.535211851000156, 25.294090265000136 ], [ 51.534632924000164, 25.290940402000047 ], [ 51.530902923000156, 25.291706931000135 ], [ 51.529619296000078, 25.292182817000082 ], [ 51.530358648000174, 25.292951751000089 ], [ 51.529488775000061, 25.292224193000095 ], [ 51.524913833000028, 25.294437035000044 ], [ 51.521201778000147, 25.297419129000048 ], [ 51.519142858000123, 25.302006350999989 ], [ 51.519011898000144, 25.304906239000161 ], [ 51.520813778, 25.306735916000093 ], [ 51.520290233000139, 25.309050556000102 ], [ 51.522483054000077, 25.311873325000192 ], [ 51.527638672000194, 25.314826074000166 ], [ 51.533988880000152, 25.316215453000098 ], [ 51.536832678000053, 25.316217310000127 ], [ 51.539544380999985, 25.317211389000079 ], [ 51.539734985000166, 25.322648743000173 ], [ 51.541048317000104, 25.323495761000117 ], [ 51.541934016000084, 25.322336832000019 ], [ 51.543172031000154, 25.324394325000185 ], [ 51.537758199000166, 25.331693615000177 ], [ 51.527268048000053, 25.331051784000067 ], [ 51.523443366000151, 25.334330492000106 ], [ 51.524199579000083, 25.3395141150001 ], [ 51.530209527000181, 25.342489259999979 ], [ 51.531903227000157, 25.348411602000112 ], [ 51.533639971000127, 25.347413436000124 ], [ 51.532500083000173, 25.348882610000146 ], [ 51.532475630000192, 25.353240635000077 ], [ 51.527409842000054, 25.353290670000035 ], [ 51.527239859000133, 25.354659225000034 ], [ 51.529324206000183, 25.358524620000026 ], [ 51.531347776000132, 25.35961944800016 ], [ 51.531844929000101, 25.361958683000182 ], [ 51.533113533000119, 25.3626962190001 ], [ 51.534633668000026, 25.361593363000168 ], [ 51.532621537000068, 25.363321728000074 ], [ 51.523710235000124, 25.366399447999981 ], [ 51.524072015000058, 25.367320096000128 ], [ 51.532499462000033, 25.364332945000172 ], [ 51.531615629000157, 25.367561096000031 ], [ 51.528452307000066, 25.370049623000114 ], [ 51.529966011000113, 25.372014662000083 ], [ 51.537415657000111, 25.360765713999967 ], [ 51.568429409000032, 25.351959369000099 ], [ 51.580225107000103, 25.354391914000189 ], [ 51.586676057000034, 25.367307034000135 ], [ 51.58618054599998, 25.372241078000172 ], [ 51.583550281000043, 25.374961452000036 ], [ 51.580767843000046, 25.372532831000058 ], [ 51.559934817000112, 25.379186311000069 ], [ 51.561208066, 25.382511310000098 ], [ 51.55240827300014, 25.384070817000122 ], [ 51.543744996000044, 25.383818970000164 ], [ 51.540746332000083, 25.382503198000165 ], [ 51.533661492000078, 25.375623497000163 ], [ 51.533709188000103, 25.378128244000038 ], [ 51.538664711000024, 25.382071938000024 ], [ 51.528420496000194, 25.379701506000174 ], [ 51.524577586000191, 25.37748995700008 ], [ 51.522878287000026, 25.381148134000114 ], [ 51.512340692000066, 25.377135916000157 ] ], [ [ 51.531305699000086, 25.372199134000084 ], [ 51.529205693000051, 25.375155748000111 ], [ 51.53207719500017, 25.375763091000181 ], [ 51.531305699000086, 25.372199134000084 ] ] ], [ [ [ 51.434305213000187, 25.149894835000111 ], [ 51.474448054000106, 25.165708694000159 ], [ 51.432590277000031, 25.224810966000177 ], [ 51.396569285, 25.20393931000001 ], [ 51.434305213000187, 25.149894835000111 ] ] ], [ [ [ 51.477383138000107, 25.249140434000026 ], [ 51.473436796000101, 25.24699788300012 ], [ 51.485678414000063, 25.23238467800013 ], [ 51.488567299000124, 25.234515868000074 ], [ 51.482353289, 25.24231756000006 ], [ 51.481261661000133, 25.241611328000033 ], [ 51.477383138000107, 25.249140434000026 ] ] ], [ [ [ 51.553661203000104, 25.289545183000143 ], [ 51.55368193400011, 25.289559461000067 ], [ 51.553662257000155, 25.289560337000125 ], [ 51.553661203000104, 25.289545183000143 ] ] ], [ [ [ 51.528984408000156, 25.292840856000055 ], [ 51.529154158000154, 25.292845163000152 ], [ 51.529049125000085, 25.29290226400019 ], [ 51.528984408000156, 25.292840856000055 ] ] ], [ [ [ 51.647464255000102, 25.297237194000047 ], [ 51.641963976000056, 25.298866029000067 ], [ 51.640184087000137, 25.296550261000107 ], [ 51.645892371000116, 25.296566042999984 ], [ 51.646316257000194, 25.294385098000134 ], [ 51.643944147000184, 25.292645152000034 ], [ 51.644991950000133, 25.291686452000135 ], [ 51.648081936000153, 25.293604996000056 ], [ 51.647464255000102, 25.297237194000047 ] ] ], [ [ [ 51.528066508000052, 25.303256642000179 ], [ 51.529213095000159, 25.30513862700019 ], [ 51.528221452000082, 25.305904026000178 ], [ 51.527589938000062, 25.304249203000154 ], [ 51.528066508000052, 25.303256642000179 ] ] ], [ [ [ 51.531319926000094, 25.315582293000091 ], [ 51.531370647000131, 25.315629729000136 ], [ 51.53131103100003, 25.315618113000028 ], [ 51.531319926000094, 25.315582293000091 ] ] ], [ [ [ 51.536368714000048, 25.33677268200006 ], [ 51.536873425000181, 25.337757765000106 ], [ 51.535519626000166, 25.338372437000146 ], [ 51.536368714000048, 25.33677268200006 ] ] ], [ [ [ 51.583597876000169, 25.348583661000191 ], [ 51.573317136000071, 25.348927177 ], [ 51.568091969000193, 25.342416235000087 ], [ 51.577933675000054, 25.34605750500009 ], [ 51.584975397000051, 25.345904381000025 ], [ 51.583597876000169, 25.348583661000191 ] ] ] ] } },
{ "type": "Feature", "properties": { "adm1_name": "Umm Slal Municipality", "adm1_pcode": "QAT007" }, "geometry": { "type": "Polygon", "coordinates": [ [ [ 51.288913802000195, 25.563394916000163 ], [ 51.291107710000176, 25.588889044000155 ], [ 51.264465979000192, 25.588759175000121 ], [ 51.266433074000133, 25.585843534000048 ], [ 51.266428115000167, 25.573850009000068 ], [ 51.255500937000079, 25.573841257000026 ], [ 51.259246351000172, 25.563764375000062 ], [ 51.264466871000081, 25.565387515999987 ], [ 51.259267296000189, 25.562153606000152 ], [ 51.266420494000158, 25.555404371000066 ], [ 51.266393329000152, 25.489505151000117 ], [ 51.273276160000023, 25.487805563000165 ], [ 51.269273366000164, 25.469287045000044 ], [ 51.269281768000155, 25.459124687000099 ], [ 51.26647341600011, 25.459131820000096 ], [ 51.266464202000066, 25.423523110000076 ], [ 51.265056273000027, 25.422151053000164 ], [ 51.266364535999969, 25.419424732000095 ], [ 51.266355716000135, 25.397878553 ], [ 51.27019043700011, 25.394632031000128 ], [ 51.363085542000078, 25.385428455000181 ], [ 51.364028504000089, 25.36704959900004 ], [ 51.391373995000038, 25.367017090000104 ], [ 51.391369964000148, 25.352901350000138 ], [ 51.412348626000096, 25.352874966000059 ], [ 51.4149390930001, 25.341092197000137 ], [ 51.419540197000117, 25.34112157900006 ], [ 51.423583610000094, 25.347144112000024 ], [ 51.420908766000082, 25.352610588000061 ], [ 51.422194022000042, 25.355170716000146 ], [ 51.418616211000028, 25.363792455 ], [ 51.425848781000184, 25.366085935000058 ], [ 51.436596217000044, 25.36364396099998 ], [ 51.439235746000179, 25.357669888000146 ], [ 51.439118467000185, 25.353580309000108 ], [ 51.451649642000064, 25.357895942000027 ], [ 51.414032189000181, 25.432807464000177 ], [ 51.411400343000196, 25.44177830600006 ], [ 51.407946443000071, 25.489408541000103 ], [ 51.415793202000145, 25.554275992999976 ], [ 51.415942888000075, 25.564688022000041 ], [ 51.359290200000089, 25.561246358 ], [ 51.351561734000143, 25.561760469000035 ], [ 51.351496120000036, 25.56085714600016 ], [ 51.314786101000095, 25.557670174000066 ], [ 51.313228706000132, 25.563351969000053 ], [ 51.31212994100008, 25.559257176000131 ], [ 51.288913802000195, 25.563394916000163 ] ] ] } }
]
}
